--
-- PostgreSQL database dump
--

\restrict AECXi8jyTWLCprtDxKlHVnEyYdB3GSmyhlMZ7th6SLfeq7npHHLwX9eAjE6qYtL

-- Dumped from database version 18.0
-- Dumped by pg_dump version 18.0

SET statement_timeout = 0;
SET lock_timeout = 0;
SET idle_in_transaction_session_timeout = 0;
SET transaction_timeout = 0;
SET client_encoding = 'UTF8';
SET standard_conforming_strings = on;
SELECT pg_catalog.set_config('search_path', '', false);
SET check_function_bodies = false;
SET xmloption = content;
SET client_min_messages = warning;
SET row_security = off;

SET default_tablespace = '';

SET default_table_access_method = heap;

--
-- Name: api_area; Type: TABLE; Schema: public; Owner: postgres
--

CREATE TABLE public.api_area (
    id bigint NOT NULL,
    name character varying(100) NOT NULL,
    "order" integer NOT NULL
);


ALTER TABLE public.api_area OWNER TO postgres;

--
-- Name: api_area_id_seq; Type: SEQUENCE; Schema: public; Owner: postgres
--

ALTER TABLE public.api_area ALTER COLUMN id ADD GENERATED BY DEFAULT AS IDENTITY (
    SEQUENCE NAME public.api_area_id_seq
    START WITH 1
    INCREMENT BY 1
    NO MINVALUE
    NO MAXVALUE
    CACHE 1
);


--
-- Name: api_badge; Type: TABLE; Schema: public; Owner: postgres
--

CREATE TABLE public.api_badge (
    id bigint CONSTRAINT api_badge_badge_id_not_null NOT NULL,
    name character varying(100)
);


ALTER TABLE public.api_badge OWNER TO postgres;

--
-- Name: api_creator; Type: TABLE; Schema: public; Owner: postgres
--

CREATE TABLE public.api_creator (
    id bigint NOT NULL,
    name character varying(100) NOT NULL
);


ALTER TABLE public.api_creator OWNER TO postgres;

--
-- Name: api_creator_id_seq; Type: SEQUENCE; Schema: public; Owner: postgres
--

ALTER TABLE public.api_creator ALTER COLUMN id ADD GENERATED BY DEFAULT AS IDENTITY (
    SEQUENCE NAME public.api_creator_id_seq
    START WITH 1
    INCREMENT BY 1
    NO MINVALUE
    NO MAXVALUE
    CACHE 1
);


--
-- Name: api_profile; Type: TABLE; Schema: public; Owner: postgres
--

CREATE TABLE public.api_profile (
    id bigint NOT NULL,
    roblox_user_id bigint,
    user_id integer
);


ALTER TABLE public.api_profile OWNER TO postgres;

--
-- Name: api_profile_complete_towers; Type: TABLE; Schema: public; Owner: postgres
--

CREATE TABLE public.api_profile_complete_towers (
    id bigint NOT NULL,
    profile_id bigint NOT NULL,
    tower_id bigint NOT NULL
);


ALTER TABLE public.api_profile_complete_towers OWNER TO postgres;

--
-- Name: api_profile_complete_towers_id_seq; Type: SEQUENCE; Schema: public; Owner: postgres
--

ALTER TABLE public.api_profile_complete_towers ALTER COLUMN id ADD GENERATED BY DEFAULT AS IDENTITY (
    SEQUENCE NAME public.api_profile_complete_towers_id_seq
    START WITH 1
    INCREMENT BY 1
    NO MINVALUE
    NO MAXVALUE
    CACHE 1
);


--
-- Name: api_profile_id_seq; Type: SEQUENCE; Schema: public; Owner: postgres
--

ALTER TABLE public.api_profile ALTER COLUMN id ADD GENERATED BY DEFAULT AS IDENTITY (
    SEQUENCE NAME public.api_profile_id_seq
    START WITH 1
    INCREMENT BY 1
    NO MINVALUE
    NO MAXVALUE
    CACHE 1
);


--
-- Name: api_tower; Type: TABLE; Schema: public; Owner: postgres
--

CREATE TABLE public.api_tower (
    id bigint NOT NULL,
    name character varying(200) NOT NULL,
    difficulty double precision NOT NULL,
    floors integer NOT NULL,
    score integer NOT NULL,
    type character varying NOT NULL,
    area_id bigint,
    diff_category character varying NOT NULL,
    badge_id bigint
);


ALTER TABLE public.api_tower OWNER TO postgres;

--
-- Name: api_tower_creators_m2m; Type: TABLE; Schema: public; Owner: postgres
--

CREATE TABLE public.api_tower_creators_m2m (
    id bigint NOT NULL,
    tower_id bigint NOT NULL,
    creator_id bigint NOT NULL
);


ALTER TABLE public.api_tower_creators_m2m OWNER TO postgres;

--
-- Name: api_tower_creators_m2m_id_seq; Type: SEQUENCE; Schema: public; Owner: postgres
--

ALTER TABLE public.api_tower_creators_m2m ALTER COLUMN id ADD GENERATED BY DEFAULT AS IDENTITY (
    SEQUENCE NAME public.api_tower_creators_m2m_id_seq
    START WITH 1
    INCREMENT BY 1
    NO MINVALUE
    NO MAXVALUE
    CACHE 1
);


--
-- Name: api_tower_id_seq; Type: SEQUENCE; Schema: public; Owner: postgres
--

ALTER TABLE public.api_tower ALTER COLUMN id ADD GENERATED BY DEFAULT AS IDENTITY (
    SEQUENCE NAME public.api_tower_id_seq
    START WITH 1
    INCREMENT BY 1
    NO MINVALUE
    NO MAXVALUE
    CACHE 1
);


--
-- Name: auth_group; Type: TABLE; Schema: public; Owner: postgres
--

CREATE TABLE public.auth_group (
    id integer NOT NULL,
    name character varying(150) NOT NULL
);


ALTER TABLE public.auth_group OWNER TO postgres;

--
-- Name: auth_group_id_seq; Type: SEQUENCE; Schema: public; Owner: postgres
--

ALTER TABLE public.auth_group ALTER COLUMN id ADD GENERATED BY DEFAULT AS IDENTITY (
    SEQUENCE NAME public.auth_group_id_seq
    START WITH 1
    INCREMENT BY 1
    NO MINVALUE
    NO MAXVALUE
    CACHE 1
);


--
-- Name: auth_group_permissions; Type: TABLE; Schema: public; Owner: postgres
--

CREATE TABLE public.auth_group_permissions (
    id bigint NOT NULL,
    group_id integer NOT NULL,
    permission_id integer NOT NULL
);


ALTER TABLE public.auth_group_permissions OWNER TO postgres;

--
-- Name: auth_group_permissions_id_seq; Type: SEQUENCE; Schema: public; Owner: postgres
--

ALTER TABLE public.auth_group_permissions ALTER COLUMN id ADD GENERATED BY DEFAULT AS IDENTITY (
    SEQUENCE NAME public.auth_group_permissions_id_seq
    START WITH 1
    INCREMENT BY 1
    NO MINVALUE
    NO MAXVALUE
    CACHE 1
);


--
-- Name: auth_permission; Type: TABLE; Schema: public; Owner: postgres
--

CREATE TABLE public.auth_permission (
    id integer NOT NULL,
    name character varying(255) NOT NULL,
    content_type_id integer NOT NULL,
    codename character varying(100) NOT NULL
);


ALTER TABLE public.auth_permission OWNER TO postgres;

--
-- Name: auth_permission_id_seq; Type: SEQUENCE; Schema: public; Owner: postgres
--

ALTER TABLE public.auth_permission ALTER COLUMN id ADD GENERATED BY DEFAULT AS IDENTITY (
    SEQUENCE NAME public.auth_permission_id_seq
    START WITH 1
    INCREMENT BY 1
    NO MINVALUE
    NO MAXVALUE
    CACHE 1
);


--
-- Name: auth_user; Type: TABLE; Schema: public; Owner: postgres
--

CREATE TABLE public.auth_user (
    id integer NOT NULL,
    password character varying(128) NOT NULL,
    last_login timestamp with time zone,
    is_superuser boolean NOT NULL,
    username character varying(150) NOT NULL,
    first_name character varying(150) NOT NULL,
    last_name character varying(150) NOT NULL,
    email character varying(254) NOT NULL,
    is_staff boolean NOT NULL,
    is_active boolean NOT NULL,
    date_joined timestamp with time zone NOT NULL
);


ALTER TABLE public.auth_user OWNER TO postgres;

--
-- Name: auth_user_groups; Type: TABLE; Schema: public; Owner: postgres
--

CREATE TABLE public.auth_user_groups (
    id bigint NOT NULL,
    user_id integer NOT NULL,
    group_id integer NOT NULL
);


ALTER TABLE public.auth_user_groups OWNER TO postgres;

--
-- Name: auth_user_groups_id_seq; Type: SEQUENCE; Schema: public; Owner: postgres
--

ALTER TABLE public.auth_user_groups ALTER COLUMN id ADD GENERATED BY DEFAULT AS IDENTITY (
    SEQUENCE NAME public.auth_user_groups_id_seq
    START WITH 1
    INCREMENT BY 1
    NO MINVALUE
    NO MAXVALUE
    CACHE 1
);


--
-- Name: auth_user_id_seq; Type: SEQUENCE; Schema: public; Owner: postgres
--

ALTER TABLE public.auth_user ALTER COLUMN id ADD GENERATED BY DEFAULT AS IDENTITY (
    SEQUENCE NAME public.auth_user_id_seq
    START WITH 1
    INCREMENT BY 1
    NO MINVALUE
    NO MAXVALUE
    CACHE 1
);


--
-- Name: auth_user_user_permissions; Type: TABLE; Schema: public; Owner: postgres
--

CREATE TABLE public.auth_user_user_permissions (
    id bigint NOT NULL,
    user_id integer NOT NULL,
    permission_id integer NOT NULL
);


ALTER TABLE public.auth_user_user_permissions OWNER TO postgres;

--
-- Name: auth_user_user_permissions_id_seq; Type: SEQUENCE; Schema: public; Owner: postgres
--

ALTER TABLE public.auth_user_user_permissions ALTER COLUMN id ADD GENERATED BY DEFAULT AS IDENTITY (
    SEQUENCE NAME public.auth_user_user_permissions_id_seq
    START WITH 1
    INCREMENT BY 1
    NO MINVALUE
    NO MAXVALUE
    CACHE 1
);


--
-- Name: django_admin_log; Type: TABLE; Schema: public; Owner: postgres
--

CREATE TABLE public.django_admin_log (
    id integer NOT NULL,
    action_time timestamp with time zone NOT NULL,
    object_id text,
    object_repr character varying(200) NOT NULL,
    action_flag smallint NOT NULL,
    change_message text NOT NULL,
    content_type_id integer,
    user_id integer NOT NULL,
    CONSTRAINT django_admin_log_action_flag_check CHECK ((action_flag >= 0))
);


ALTER TABLE public.django_admin_log OWNER TO postgres;

--
-- Name: django_admin_log_id_seq; Type: SEQUENCE; Schema: public; Owner: postgres
--

ALTER TABLE public.django_admin_log ALTER COLUMN id ADD GENERATED BY DEFAULT AS IDENTITY (
    SEQUENCE NAME public.django_admin_log_id_seq
    START WITH 1
    INCREMENT BY 1
    NO MINVALUE
    NO MAXVALUE
    CACHE 1
);


--
-- Name: django_content_type; Type: TABLE; Schema: public; Owner: postgres
--

CREATE TABLE public.django_content_type (
    id integer NOT NULL,
    app_label character varying(100) NOT NULL,
    model character varying(100) NOT NULL
);


ALTER TABLE public.django_content_type OWNER TO postgres;

--
-- Name: django_content_type_id_seq; Type: SEQUENCE; Schema: public; Owner: postgres
--

ALTER TABLE public.django_content_type ALTER COLUMN id ADD GENERATED BY DEFAULT AS IDENTITY (
    SEQUENCE NAME public.django_content_type_id_seq
    START WITH 1
    INCREMENT BY 1
    NO MINVALUE
    NO MAXVALUE
    CACHE 1
);


--
-- Name: django_migrations; Type: TABLE; Schema: public; Owner: postgres
--

CREATE TABLE public.django_migrations (
    id bigint NOT NULL,
    app character varying(255) NOT NULL,
    name character varying(255) NOT NULL,
    applied timestamp with time zone NOT NULL
);


ALTER TABLE public.django_migrations OWNER TO postgres;

--
-- Name: django_migrations_id_seq; Type: SEQUENCE; Schema: public; Owner: postgres
--

ALTER TABLE public.django_migrations ALTER COLUMN id ADD GENERATED BY DEFAULT AS IDENTITY (
    SEQUENCE NAME public.django_migrations_id_seq
    START WITH 1
    INCREMENT BY 1
    NO MINVALUE
    NO MAXVALUE
    CACHE 1
);


--
-- Name: django_session; Type: TABLE; Schema: public; Owner: postgres
--

CREATE TABLE public.django_session (
    session_key character varying(40) NOT NULL,
    session_data text NOT NULL,
    expire_date timestamp with time zone NOT NULL
);


ALTER TABLE public.django_session OWNER TO postgres;

--
-- Data for Name: api_area; Type: TABLE DATA; Schema: public; Owner: postgres
--

COPY public.api_area (id, name, "order") FROM stdin;
1	Zone 9	0
2	Paradise Atoll	0
3	Ring 1	0
4	Ring 2	0
5	Forgotten Ridge	0
6	Garden of Eeshöl	0
7	Ring 3	0
8	Ring 4	0
9	Silent Abyss	0
10	Ring 5	0
11	Lost River	0
12	Ring 6	0
13	Ashen Towerworks	0
14	Ring 7	0
15	Ring 8	0
16	The Starlit Archives	0
17	Ring 9	0
18	Zone 1	0
19	Zone 2	0
20	Arcane Area	0
21	Zone 3	0
22	Zone 4	0
23	Zone 5	0
24	Zone 6	0
25	Zone 7	0
26	Zone 8	0
27	Zone 10	0
28	Ring 0	0
\.


--
-- Data for Name: api_badge; Type: TABLE DATA; Schema: public; Owner: postgres
--

COPY public.api_badge (id, name) FROM stdin;
1792274219914148	Beat The Tower of Buttons
1985325594898930	Beat The Tower of Critical Damage
2424222337564254	Beat The Tower of Boost Mayhem
3194046165949700	Beat The Tower of Various Pressures
3190118081857963	Beat The Tower of Kinetic Potential
1406264843938633	Beat The Tower of No Strings Attached
2557966395367805	Beat The Tower of Keys To Success
3557168381486575	Beat The Tower of Dancing All Night
3615836876088083	Beat The Citadel of Victory
2479940534323983	Error 404: Unable to detect the tower
2125364300	Beat The Tower of A Simple Time
2125364239	Beat The Tower of Anger
2125364247	Beat The Tower of Madness
2125394398	Beat The Tower of Noticeable Infuriation
2125363409	Beat The Tower of Hecc
2125364325	Beat The Tower of Killjoys
2125364279	Beat The Tower of Keyboard Yeeting
2125364284	Beat The Tower of Stress
2125364213	Beat The Tower of Rage
2125364211	Beat The Tower of Impossible Expectations
2125364257	Beat The Tower of True Skill
2125364309	Beat The Thanos Tower
2125364319	Beat The Citadel of Laptop Splitting
2125364331	Can You Even Call This a Tower?
2125365118	Beat The Tower of Phone Snapping
2125365136	Beat The Tower of Big Hole
2125365125	Beat The Tower of Overcoming Hatred
2125365092	Beat The Tower of Cold Hands
2125365147	Beat The Tower of Falling and Failing
2125365144	Beat The Tower of Traps
2125365155	Beat The Tower of Deep Darkness
2125365112	Beat The Tower of Shattered Dreams
2125365132	Beat The Tower of Table Flipping
2125365108	Beat The Tower of Eternal Suffering
2125365158	Beat The Tower of Difficulty Chart
2125365096	You Could Probably Call This a Tower
2125365471	Beat The Tower of Funny Thoughts
2125365525	Beat The Tower of Inverted Colors
2125365520	Beat The Tower of Ancient Trickery
2125365453	Beat The Tower of Deep Sighing
2125365461	Beat The Tower of Fatness
2125365451	Beat The Tower of Winning Every Run
2125365464	Beat The Tower of Slight Inconvenience
2125365515	Beat The Tower of Wall Hugging
2125365494	Beat The Tower of Lotsa Damage
2125365496	Beat The Tower of Despair
2125365521	Beat The Tower of Confusion
2125365543	Beat The Citadel of Heights and Depths
2125383817	Beat The Tower of Spiralling Heights
2125383766	Beat The Tower of Getting Gnomed
2125383841	Beat The Tower of Terrible Mondays
2125383779	Beat The Tower of Elysium
2125383837	Beat The Tower of Linonophobia
2125383771	Beat The Tower of Dust and Decay
2125383842	Beat The Tower of Holy Flip
2144113169	Beat The Tower of Oblivion
2125383773	Beat The Tower of Nonsensical Platforms
2125383775	Beat The Tower of Corrupted Nightmares
1702092531030865	Beat The Tower of Vivid Sections
2125383801	Beat The Tower of Inception
2125383807	Beat The Citadel of Uneasiness
2125383930	Beat The Tower of Nice Views
2125383926	Beat The Tower of Trivial Resentment
2125383920	Beat The Tower of Rigid Success
2125383947	Beat The Tower of Downward Mobility
2125383952	Beat The Tower of Obvious Chaos
2125383919	Beat The Tower of Floral Fury
2125383938	Beat The Tower of Extraordinary Adventures
2125383923	Beat The Tower of Tokyo Heights
2125383949	Beat The Tower of Glitching and Healing
2125383955	Beat The Tower of Fractured Obstacles
2125383934	Beat The Tower of Icy Blizzards
2125383986	Beat The Citadel of Contrasting Regions
2125384025	Beat The Tower of Friendly Jumps
2125384021	Beat The Tower of Environmental Pain
2125384251	Beat The Tower of Radiant Realms
2125384250	Beat The Tower of Twisted Inquisition
2125384235	Beat The Tower of A Depressing Future
2125384272	Beat The Tower of Intense Solar Chaos
2125384245	Beat The Tower of Dispersed Rooms
2125384255	Beat The Tower of Flustering Sections
2125384258	Beat The Tower of Niflheim
2125384017	Beat The Tower of Strategic Mechanics
2125384270	Beat The Tower of Impossible Movement
2125384265	Beat The Citadel of Scythe Recognition
2125394373	Beat The Tower of Rushed Building
2125394315	Beat The Tower of Collective Collaboration
2125394352	Beat The Tower of Feeling Lazy
2125394317	Beat The Tower of Distorted Aerodynamics
2125394365	Beat The Tower of Never Giving Up, Ever
2125394357	Beat The Tower of Never Ending Dizziness
2125394379	Beat The Tower of Ultraviolet
2125394384	Beat The Tower of Yearning Victory
2125394321	Beat The Tower of Extreme Hell
2125394390	Beat The Tower of Terrifying Beauty
2125394329	Beat The Tower of Elongated Runs
2125394342	Beat The Citadel of True Exasperation
2125416493	Beat The Tower of Somewhat Simple Scaling
2125416489	Beat The Tower of Needing Basic Aptitude
2125416511	Beat The Tower of Voluminous Framework
2125416514	Beat The Tower of Vibrant Adventures
2125416501	Beat The Tower of Aamos' Anger
2125416517	Beat The Tower of Uneasy Scaling
2125416498	Beat The Tower of Insanely Innovative Ideas
2125416487	Beat The Tower of Mean Tasks
2125416523	Beat The Tower of Suffering Outside
2125416507	Beat The Tower of Generation Failure
2125416477	Beat The Citadel of Constant Heart Stopping
2125416546	Beat The Tower of Great Overcomings
2125416595	Beat The Tower of Beat Block Berserk
2125416555	Beat The Tower of Questionable Trials
2125416587	Beat The Tower of Pastel Pillars
2125416583	Beat The Tower of High Adrenaline
2125416549	Beat The Tower of Bent Trauma
2125416566	Beat The Tower of Curved Ascent
2125416543	Beat The Tower of Frightening and Confusing Trials
2125416575	Beat The Tower of Bloodthirsty Kenos
2125416646	Beat The Tower of Journey's End
2125416613	Beat The Tower of Nervous Sweating
2125416602	Beat The Tower of Augmented Misery
2125416609	Beat The Tower of Champion's Road
2125416545	Beat The Tower of Cruel Punishment
2125416621	Beat The Citadel of Lethargy
2125416661	Beat The Steeple of Meaningless Decisions
2125416710	Beat The Tower of Jolly Good Fun
2125416666	Beat The Steeple of Low Woe
2125416664	Beat The Steeple of Pursuit
2125416720	Beat The Tower of Immense Ire
2125416683	Beat The Steeple of Wall Punching
2125416714	Beat The Tower of Versatility
2125416718	Beat The Tower of Triangular Covering
2125416687	Beat The Steeple of Climbing
2125416698	Beat The Steeple of Huge Pain
2125416725	Beat The Tower of Increasing Stress
2125416731	Beat The Tower of Dangerous Expeditions
2125416704	Beat The Steeple of Towering Pillars
2130253292	Beat The Tower of Mind Breaking
2125416732	Beat The Citadel of Weird Nostalgia
2125416740	Beat The Steeple of Beginner's Journey
2125416748	Beat The Steeple of Devil's Snare
2125416753	Beat The Steeple of Infectious Foliage
2125416751	Beat The Steeple of Overgrowth
2125416757	Beat The Steeple of Nightfall
2125416759	Beat The Steeple of Overgrown Ascension
2125416771	Beat The Steeple of Feudal Foliage
2125416758	Beat The Steeple of Lost In Quiescence
2125416767	Beat The Steeple of Various Vivariums
2125416775	Beat The Steeple of Flourishing Wastelands
2125416787	Beat The Tower of Perilous Antipode
2125416780	Beat The Steeple of Buoyant Automations
2836013584684212	Beat the Citadel of Biotech Genesis
2143764006	Beat The Steeple of Resort In Stasis
2143764028	Beat The Steeple of Ruinous Abate
2143764022	Beat The Tower of Ancestral Interference
2143764044	Beat The Steeple of Descendance
2143764050	Beat The Tower of There Is No Tower
2143764056	Beat The Steeple of Guiding Lights
2143764064	Beat The Steeple of Xenial Abyss
2143764075	Beat The Steeple of Wicked Grotto
2143764094	Beat The Tower of Shallow Waters
2143764118	Beat The Steeple of Involuntary Isolation
2143764125	Beat The Tower of Tenebrous Depths
2143764150	Beat The Steeple of Midnight Acropolis
2143764143	Beat The Steeple of Malignant Blight
2130091633	Beat The Tower of Excessive Weirdness
2130091635	Beat The Tower of Losing Our Zeal
2130091637	Beat The Tower of Diverging Layers
2130091638	Beat The Tower of Odd Odyssey
2130091642	Beat The Tower of Witchcraft and Wizardry
2130091644	Beat The Tower of Compact Spaces
2130091645	Beat The Tower of Tallying Every Mistake
2130091646	Beat The Tower of Triple Jeopardy
2130091648	Beat The Tower of Unsettling Heights
2130091636	Beat The Citadel of Inside Situations
2150139836	Beat The Tower of Fruity Zeal
2150139890	Beat The Tower of Viaduct Traversing
2150139931	Beat The Tower of Corner Wedge Climbing
2150139949	Beat The Tower of Wanting More Time
2150140037	Beat The Tower of Shadowy Radiance
2150139994	Beat The Tower of Whisking It All
2150140003	Beat The Tower of Whirl of Winds
2150140154	Beat The Tower of Forever-Sleeping Flower
2150140240	Beat The Tower of Climactic Beats
2150554134	Beat The Tower of Rhythm Heaven
2150140190	Beat The Tower of Mechanical Disarray
2150140265	Beat The Tower of Wicked Fortress
1289207222729699	Beat The Tower of Lethean Recollection
3753365954140761	Beat The Tower of You're Late For Work
2766842373955971	Beat The Tower of Pursuit Led Astray
2634745481559417	Beat The Steeple of After-Life Detention
53740875259774	Beat The Steeple of Balloon Commune
3730347966032771	Beat The Steeple of Two Minute Noodles
2763253159461072	Beat The Steeple of The Manufactured Monstrosity
165330479439546	Beat The Tower of The Umbrella, The User
4465046116074335	Beat The Tower of Infiltrated Ruins
391052562773885	Beat The Steeple of Itsy Bitsy
491118547215153	Beat The Tower of A Disillusioned Existence
2122020127306477	Beat The Tower of Warranted Retribution
4114801218397975	Beat The Tower of House Without Home
1358487401757254	Beat The Steeple of Cheesy Vengeance
1391896070846757	Beat The Steeple of Forlorn Blizzard
2125416899	Beat The Tower of Zero Disturbances
2125416824	Beat The Tower of Peaceful Happiness and Tranquility
2125416834	Beat The Tower of Atlantic Depths
2125416818	Beat The Tower of Hands Sweating
2125416877	Beat The Tower of Mirrored Hecc
2125416861	Beat The Tower of Yearning Success
2125416816	Beat The Tower of Absolute Vexation
2125416812	Beat The Tower of Wanting Extra Levels
2125416814	Beat The Tower of Ultimately Terrifying
2125416830	Beat The Tower of Extreme Dystopia
2125416850	Beat The Tower of Really Nasty Ideas
2125416883	Beat The Tower of Zespluz
2125416865	Beat The Tower of Thinning Layers
2125416858	Beat The Citadel of Peril
2125418290	Beat The Tower of Venomous Resonance
2125418346	Beat The Tower of Slanted Anticipation
2125418311	Beat The Tower of Ground Level Ascension
2125418352	Beat The Tower of Troublesome Adventures
2125418354	Beat The Tower of Unearthed Discoveries
2125418292	Beat The Tower of Dreams and Caverns
2125418326	Beat The Tower of Pleasant Fantasies
2125418349	Beat The Tower of Slipping and Sliding
2125418299	Beat The Tower of Extraterrestrial Enchantment
2125418287	Beat The Tower of Arcanium Zenturing
2125418297	Beat The Tower of Triangular Terror
2125418305	Beat The Tower of Great Displeasure
2125418342	Beat The Tower of Chaotic Moments
2125418384	Beat The Citadel of Green Stuff
2125418434	Beat The Tower of Six Feet Under
2125418437	Beat The Tower of Overestimating Difficulty
2125418444	Beat The Tower of Broken Bricks
2125418463	Beat The Tower of Client Object Frenzy
2125418441	Beat The Tower of Cracked, Crushed Cubes
2125418479	Beat The Tower of Xanthophobia
2125418455	Beat The Tower of Dimensional Hopping
2125418450	Beat The Tower of Mild Agitation
2125418452	Beat The Tower of Cogs and Steam
2125418458	Beat The Tower of Requiring Critical Help
2125418490	Beat The Tower of Menacing Creations
2125418461	Beat The Tower of Quirky Contraptions
2125418432	Beat The Tower of Infuriating Obstacles
2125418481	Beat The Tower of Cruel and Unusual Punishment
2125418485	Beat The Tower of Hopeless Hell
2125418491	Beat The Citadel of Tricky Situations
2125418569	Beat The Tower of Aquatic Contemplation
2125418562	Beat The Tower of Fun and Simple Trials
2125418547	Beat The Tower of Up Is Down
2125418529	Beat The Tower of Wicked Wedges
2125418556	Beat The Tower of Elevator Travelling
2125418532	Beat The Tower of Pure Chroma
2125418546	Beat The Tower of Mechanically Induced Mayhem
2125418554	Beat The Tower of Shifting Slopes
2125418559	Beat The Tower of Dance Dance Destruction
2125418552	Beat The Tower of Funky Grooves
2125418551	Beat The Tower of Tornado Vehemence
2125418537	Beat The Tower of Inevitable Failure
2125418565	Beat The Tower of Astronomically Aimless Annoyances
2125418563	Beat The Citadel of Quadrilaterals
2125418587	Beat the Tower of Sovereign Travelling
2125418588	Beat the Tower of Super Stupid Security Systems
2125418599	Beat the Tower of Fractal Volution
2125418602	Beat the Tower of Bright Serenity
2125418593	Beat the Tower of Stairs To Spare
2125418605	Beat the Tower of Unhealthy Escalation
2125418597	Beat The Tower of Heiwana Kaze
2125418608	Beat the Tower of Guided Trials
2125418620	Beat the Tower of Anticlimactic Outcomes
2125418625	Beat the Tower of Brutal and Bizarre Torment
2125418628	Beat the Tower of Zany Architecture
2125418633	Beat the Tower of Polychromatic Zero
2125418638	Beat the Tower of Alien Radiance
2125418631	Beat the Citadel of Corporate Enterprise
2125418711	Beat The Tower of Foreign Domains
2125418742	Beat The Tower of Rock Climbing
2125418658	Beat The Tower of Conflicting Frontiers
2125418817	Beat The Tower of Break It, Buy It
2125418718	Beat The Tower of Angled Scenery
2125418764	Beat The Tower of Hefty Magnitude
2125418727	Beat The Tower of Hazardous Laddering
2125418748	Beat The Tower of Watts
2125418733	Beat The Tower of Astral Fusion
2125418841	Beat The Tower of Massive Overheating
2125418858	Beat The Tower of Brief Challenges
2125418850	Beat The Tower of The Dripping Amalgam
2125418865	Beat The Tower of Micro Management
2127628644	Beat The Tower of Jazz
2127628452	Beat The Tower of Rough Waters
2127628469	Beat The Tower of Sweet Victory
2127628626	Beat The Tower of Bygone Relic
2127628615	Beat The Tower of Destructive Fever
2127628496	Beat The Tower of Growing Madness
2127628515	Beat The Tower of Cylindrical Extensions
2127628476	Beat The Tower of White Space
2127628573	Beat The Tower of Yore
2127628592	Beat The Tower of Cone Mesh Climbing
2127628598	Beat The Tower of Swift and Precise Sections
2127628708	Beat The Tower of Uncontrollable Ire
2127628633	Beat The Tower of Fractured Memories
2127628604	Beat The Tower of Uncanny Agony
2127628655	Beat The Citadel of A Cruel Tale
2143540746	Beat The Tower of Melons In Time
2143540875	Beat The Tower of Cosmic Tides
2143540994	Beat The Tower of A Tetromino Disaster
2143541564	Beat The Tower of X Madness
2143541572	Beat The Tower of Galactic Voyage
2998040866283977	Beat The Tower of Genesis
1180657673680675	Beat The Tower of Motion Evolution
2125364203	Beat The Tower of Screen Punching
2125365166	Beat The Citadel of Wacky Strategy
2125383785	Beat The Tower of Leaning Ledges
2125383912	Beat The Tower of Frightening Nightmares
2125394368	Beat The Tower of Orientating Oscillating Opinions
2125416520	Beat The Tower of Verdant Entropy
2125416481	Beat The Tower of Externalizing Insanity
2125416670	Beat The Steeple of Uninstalling Roblox
2125416762	Beat The Steeple of Greenhouse Placidity
2130091634	Beat The Tower of Two Sided Troubles
2150140099	Beat The Tower of Largely Limited Luminance
2919301511601152	Beat The Tower of Fleeing From Everything Ending
2125416895	Beat The Tower of Peace
2143541631	Beat The Tower of One Nine
2143541637	Beat The Tower of Never Ending Fun
2143541678	Beat The Tower of Manic Lows
2143541757	Beat The Tower of Overbearing Vertigo
2143541820	Beat The Tower of Time and Space Manipulation
2143541971	Beat The Tower of No Return
2144100620	Beat The Tower of Rough Endoplasmic Reticulum
2144100719	Beat The Tower of Astral Eclipse
2144100780	Beat The Tower of Descent Into Exile
2143542080	Beat The Citadel of Pyramid Escapades
4383427940994188	Beat The Tower of Arrantly Bodeful Cavern Depths
2235944988275806	Beat The Tower of Dusk To Dawn
638953684386833	Beat The Tower of Latest Sensation
867780291093825	Beat The Tower of Bonus Level
1585190986741794	Beat The Tower of Sugar Rush Deluxe
1374272096142771	Beat The Tower of Nothing New
99466740900675	Beat The Tower of Furious Chicken Brawl
102463356765927	Beat The Tower of Falling Up
2767230538134444	Beat The Tower of Eye Candy
255869244267909	Beat The Tower of Minus Facility
3380646432774718	Beat The Tower of Voyaging Into The Earth
2973042954665200	Beat The Tower of Hollow Reformations
2313981453629893	Beat The Tower of Panelling Barricades
3562618091140628	Beat The Tower of Wildly Wacky Wonders
4430474450821596	Beat The Tower of Empty Meaningless Patterns
1742639288936563	Beat The Citadel of Increasing Claustrophobia
3272958117661218	Beat The Tower of Clandestine Zones
3402148860296470	Beat The Tower of Resonant Landscapes
336549132922735	Beat The Tower of Interstellar Terrarium
679296910866412	Beat The Tower of Valiant Verges
107230483116768	Beat The Tower of Expecting The Unexpected
3391647603337289	Beat The Tower of Mach Nine
700401771595466	Beat The Tower of One Two Three Four
3798209650683082	Beat The Tower of The Despondent Fortress
2326507854403116	Beat The Tower of Prismatic Instability
4169473905789944	Beat The Tower of Power Laws
1977424686097217	Beat The Tower of Rain on My World
312790140010623	Beat The Tower of Tee Hee Time
355685079411731	Beat The Tower of Blast Power
340419315411712	Beat The Tower of Raging Tempest
2507199611553026	Beat The Citadel of Overcoming The World's Imperfections
3796638866066915	Beat The Steeple of Zip Zap Pop!
3899085920365526	Beat The Steeple of Golf Course
3888765538122811	Beat The Tower of Sunshower Lambent
3149645911475376	Beat The Tower of Quantum Rhythm
3037871458495832	Beat The Tower of Steel and Thunder
1796543950477853	Beat The Tower of Fly High
191323548486651	Beat The Tower of Calm Before The Storm
1990803915387174	Beat The Tower of Ten Floors Challenge
1898816351102274	Beat The Steeple of Bad Cable Management
1627135012828323	Beat The Tower of Weird Energy
2701617455954789	Beat The Steeple of Dungeon Runner
3659539682222668	Beat The Steeple of Sunken Kingdoms
753369958334298	Beat The Tower of Fixture Park
1213659987351943	Beat The Tower of Nerves of Steel
3607887245561763	Beat The Tower of Speeding Right Through
3805471735939366	Beat The Citadel of Treachery
2125419026	Beat The Steeple of Biome Traversing
2125419030	Beat The Steeple of Astounding Sorcery
2125419042	Beat The Steeple of Realm Odyssey
2125419052	Beat The Steeple of Atmospheric Powers
2125419045	Beat The Steeple of Twisted Crystals
2125419038	Beat The Steeple of Magical Elements
2125419033	Beat The Steeple of Crystal Ascension
2125419048	Beat The Steeple of Witch Calamity
2125419035	Beat The Steeple of Magical Collaborations
2125419019	Beat The Tower of Icy Adventures
2125418964	Beat The Steeple of Mystical Marine
204425668269319	Beat The Steeple of Undersea Voyage
2621972218525980	Beat The Steeple of Waterfall
1169770390109959	Beat The Tower of Call It A Day
2125419000	Beat The Steeple of Abyssal Upturn
2125418997	Beat The Steeple of Aquatic Rallies
2125418989	Beat The Steeple of Hallucinatory Spectacles
3109245217942913	Beat The Tower of High Power
2125418969	Beat The Steeple of Desolate Isles
2125418973	Beat The Tower of Cyclonic Isles
2125418991	Beat The Steeple of Upright Cliffs
2125418955	Beat The Steeple of Cliffside Falls
2125418976	Beat The Tower of Traversing The Tropics
2125418958	Beat The Steeple of Underlying Breezes
2125419001	Beat The Steeple of Dusty Dunes
2125419004	One Interesting Flower...
2127908292	Is This A Tower?
2149219726	This Is A Tower.
2029674299479161	Wow! It's A Tower!
2965533401798823	Do Dat Look Like A Tower
2125416881	Beat The Tower of Contractual Obligations
2125418381	Beat The Tower of Double Trouble
2125418571	Beat The Tower of Fairly Simple Challenges
2125418624	Beat the Tower of Horrifying Experiences
2125418913	Beat The Citadel of Twists and Weirdness
2143541590	Beat The Tower of Flame Restoration
4389120601205327	Beat The Tower of Big Blocky Beefy Buttons
3257215550818295	Beat The Tower of Complexity and Volatility
2034712695514165	Beat The Tower of Geometric Kinetics
2125418995	Beat The Steeple of Sunny Island Shenanigans
\.


--
-- Data for Name: api_creator; Type: TABLE DATA; Schema: public; Owner: postgres
--

COPY public.api_creator (id, name) FROM stdin;
1	Temmeh8274
2	tentqles
3	Mario_123456
4	vvenvss(Original version)
5	ArmorHAD
6	adritnepo
7	ObrenTune
8	uuuuuuuurchinnnnnnnn
9	noob1928
10	ombaMD
11	Defi410
12	FreeThePolarBear
13	t_azk
14	novaskaiii
15	Cynnthiiia
16	zanychrome
17	zachwro21
18	NullspaceInteract
19	BaconPixx
20	Deedo9001
21	HilmNoobly
22	ObrenTune[a]
23	plant9s
24	Gammattor
25	AzaZeall
26	It_Near
27	Hat_Rox
28	phatphol2
29	hermark
30	TheBirbsWord
31	socfcrimsonrblx
32	bowtoad
33	StormT1989
34	vvenvss
35	Torchic000
36	megakirbyyy
37	RougeAvery[a]
38	kitkatkayo
39	Isxzter
40	LetsPlaySumRoblox
41	Devin_Darksword
42	Typ1_ca1
43	xXDogeNgamerXx
44	Heksi
45	bLockerman666
46	aamo_s
47	ciel_azulsky
48	LuckyTux
49	Salveritie
50	latomludo(uncredited)
51	Feodoric(uncredited)
52	Coatesultimate1
53	latomludo
54	Karinriine
55	Figurized
56	Hat_Rox[a]
57	lazy_imp[b]
58	Cll0y
59	IceNsalt
60	Logan_ISL
61	Maplejavas
62	3_XW
63	wllsknwlls
64	Auterus
65	Helena_16xx
66	Emas_Gua
67	MaxedUpGamer05
68	MeltyBlueJelly
69	Adem_iere
70	TheFredericChopin
71	ReinFreD22
72	staticphd
73	MikeySToH
74	PamperedBloxian36
75	bearlyon
76	DuskPyramid
77	KEVBloxTime
78	thenamesJEFF2
79	TromTimee
80	Fauxyde
81	PersonofStone
82	EximiousCGamer
83	KittenLord420
84	Fivalen
85	DanMario24YT
86	Zaikotic
87	NotRealzo
88	Sev6n
89	YoshieTheReverie
90	CrayZe50
91	SuperDooperHusky
92	socalmax
93	Cletus_Yeetus0403
94	sacalu006
95	CUGASTheLooney
96	phlygone
97	SarkThe2nd
98	Knighterisk
99	T3mpl4te
100	kirkuee
101	t_odis
102	TDM7076
103	kumkumzabka
104	snicksnqck
105	rons27
106	Zabregahs
107	brainstqrminq
108	ciel_azulsky[1]
109	RisenArtemis
110	Lizarpiz
111	ARXSIAS
112	emflamed
113	aetrnalis
114	feixfii
115	Lawnslayer
116	cheesiestfondue
117	IroidIsABeast
118	blooby_jpg
119	atomzz24
120	MarsFlat
121	vendetta06
122	fishinthewather
123	Legendarykittens44
124	iiAlert
125	Spryvee
126	bellaether
127	vipsem
128	gibbalbigmoma2233
129	Imaginaryfoxboi
130	diskinserted
131	franchun04
132	Crimzenith
133	Feodoric
134	xxDuzeRxx
135	qwertyboiboimimi5
136	driekondo
137	tojma07
138	rogerthatx1
139	yoshi12254
140	LanceScreams
141	ejobb5
142	Flaming_Longg
143	IndistinctFaint
144	flovvii
145	Snowius
146	DispensableArray
147	theultimatedianite
148	Lightsynth
149	Vincentl9
150	Paramockss
151	Goose4000
152	kyoko82741[a]
153	ascimov
154	infrnalblaze
155	panda535(Original version)
156	cml64
157	vannilayum
158	neighismyname
159	Zentiquent
160	revive_mejett
161	ianpep
162	Starlianni
163	punkynil[a]
164	Cll0y[a]
165	Ganaupinha[b]
166	NeodymiumCheese
167	MathFacter360
168	CHUNGITOPLAYZ[b]
169	Meowy64
170	Dexx_022
171	Kelakotana
172	Cheddarbialy
173	Ganaupinha
174	kingmelantis
175	AllergicToSanity[a]
176	Helena_16xx[a]
177	mybladeisonthebird
178	treeknighterr
179	RageFurious
180	aethernetr
181	PoppinKenny07
182	kyoko82741[b]
183	h4xm[b]
184	zquidy562
185	Meta_Stars
186	Nenlty
187	uuuuuuuurchinnnnnnnn[a]
188	meloI_meIol
189	Noobiinez
190	DebugTesting
191	DasLebewesen123
192	RedKingNL
193	BirbWatch
194	CamronSkilIz
195	Killer818616
196	hairymonkey72
197	p00ks1
198	awesomecoolpop
199	tintom495[a]
200	Professor_Skittles
201	logicchecks
202	punkynil[b]
203	uuuuuuuurchinnnnnnnn[c]
204	lazy_imp
205	Karinriine[a]
206	gamezbroz
207	superzhack
208	Baggy_Official
209	Errlich
210	Robinisaiah10
211	flawduhjit (Host)
212	SubHour
213	3velyvnn[b]
214	NateRoblox000
215	ck7608
216	tintom495
217	Cronku
218	macalads
219	thatonekid10020
220	soccerman611
221	youtubetroll1510
222	ObbyRobloxian3
223	UttermostTree
224	lolBaconHair93
225	aaaronyupp
226	Unorthodoxus
227	Guywhocanfly1234
228	track10fan
229	zNoxR
230	chereyii
231	swrdskull
232	bonkabop
233	AmazeIan
234	supermario052
235	liu06[b]
236	Certifi3D_Noob
237	Skynet20
238	Spiker217
239	Sweet_video
240	RB3_superbosd
241	TheCrookedSide
242	Clorize
243	XII_Tim
244	LegoSteve234
245	bLockerman666[a]
246	aamo_s[a]
247	SarCh4sm
248	Jaxseye
249	snoosnappy
250	Linkforic
251	hypersleep
252	codychanisawesome
253	AbstractCrayon
254	supermario5602
255	Namoon14
256	VoltageBit
257	Cozmecs
258	Miantoz1980
259	ImNotFireMan123
260	ConfirmedIlluminatix
261	ijivri
262	MarioUwUuwu
263	xdn_tt
264	zeDo_k
265	superlagostao421
266	CHUNGITOPLAYZ
267	jakified345
268	letgabe3
269	Kr6d
270	PrimingOptimus
271	aakcop
272	m0usze
273	CommandarLol
274	AnEpicKingOfEveryDna
275	Tekxure
276	fanofpixels
277	seafoamjade
278	SenseiJayJay
279	theguy9912
280	Alternativer_R
281	merdied
282	red4erik
283	joaovitorpcosta
\.


--
-- Data for Name: api_profile; Type: TABLE DATA; Schema: public; Owner: postgres
--

COPY public.api_profile (id, roblox_user_id, user_id) FROM stdin;
1	22200571	2
\.


--
-- Data for Name: api_profile_complete_towers; Type: TABLE DATA; Schema: public; Owner: postgres
--

COPY public.api_profile_complete_towers (id, profile_id, tower_id) FROM stdin;
3	1	156
\.


--
-- Data for Name: api_tower; Type: TABLE DATA; Schema: public; Owner: postgres
--

COPY public.api_tower (id, name, difficulty, floors, score, type, area_id, diff_category, badge_id) FROM stdin;
148	Tower of Fatness	3.54	10	20	tower	7	hard	2125365461
149	Tower of Winning Every Run	3.55	10	44	tower	7	hard	2125365451
150	Tower of Slight Inconvenience	4.01	10	41	tower	7	difficult	2125365464
151	Tower of Wall Hugging	4.37	10	56	tower	7	difficult	2125365515
152	Tower of Lotsa Damage	4.61	10	50	tower	7	difficult	2125365494
55	Tower of Dusk To Dawn	5.14	10	65	tower	1	challenging	2235944988275806
56	Tower of Latest Sensation	5.27	10	80	tower	1	challenging	638953684386833
57	Tower of Bonus Level	5.68	10	90	tower	1	challenging	867780291093825
58	Tower of Sugar Rush Deluxe	6.01	10	82	tower	1	intense	1585190986741794
65	Tower of Voyaging Into The Earth	7.92	10	68	tower	1	remorseless	3380646432774718
66	Tower of Hollow Reformations	8.88	10	86	tower	1	insane	2973042954665200
67	Tower of Panelling Barricades	9.16	10	66	tower	1	extreme	2313981453629893
68	Tower of Wildly Wacky Wonders	10.66	10	87	tower	1	terrifying	3562618091140628
69	Tower of Empty Meaningless Patterns	11.42	10	75	tower	1	catastrophic	4430474450821596
72	Steeple of Undersea Voyage	2.74	6	73	steeple	2	medium	204425668269319
73	Steeple of Waterfall	3.24	5	74	steeple	2	hard	2621972218525980
74	Tower of Call It A Day	3.59	10	84	tower	2	hard	1169770390109959
75	Steeple of Abyssal Upturn	3.94	6	38	steeple	2	hard	2125419000
78	Tower of High Power	4.77	10	77	tower	2	difficult	3109245217942913
80	Steeple of Desolate Isles	5.28	5	54	steeple	2	challenging	2125418969
81	Tower of Cyclonic Isles	5.76	10	60	tower	2	challenging	2125418973
82	Steeple of Upright Cliffs	5.78	5	53	steeple	2	challenging	2125418991
83	Steeple of Cliffside Falls	5.83	5	44	steeple	2	challenging	2125418955
85	Steeple of Dusty Dunes	6.32	6	66	steeple	2	intense	2125419001
63	Tower of Big Blocky Beefy Buttons	7.7	10	81	tower	1	remorseless	4389120601205327
76	Steeple of Sunny Island Shenanigans	4.03	5	71	steeple	2	difficult	2125418995
88	Tower of A Simple Time	1.25	10	68	tower	3	easy	2125364300
103	Tower of Phone Snapping	2.76	10	82	tower	4	medium	2125365118
104	Tower of Big Hole	3.4	10	62	tower	4	hard	2125365136
105	Tower of Overcoming Hatred	3.96	10	67	tower	4	hard	2125365125
106	Tower of Cold Hands	4	10	50	tower	4	difficult	2125365092
107	Tower of Falling and Failing	5.61	10	39	tower	4	challenging	2125365147
144	Tower of Funny Thoughts	1.7	10	72	tower	7	easy	2125365471
145	Tower of Inverted Colors	2.09	10	50	tower	7	medium	2125365525
146	Tower of Ancient Trickery	2.62	10	49	tower	7	medium	2125365520
59	Tower of Nothing New	6.73	10	84	tower	1	intense	1374272096142771
147	Tower of Deep Sighing	2.83	10	62	tower	7	medium	2125365453
157	Tower of Spiralling Heights	1.9	10	65	tower	8	easy	2125383817
159	Tower of Terrible Mondays	3.6	10	65	tower	8	hard	2125383841
96	Tower of Screen Punching	5.2	9	50	tower	3	challenging	2125364203
101	Not Even A Tower	1.11	5	60	mini_tower	3	easy	\N
87	Possibly A Tower	1.54	5	58	mini_tower	2	easy	\N
60	Tower of Furious Chicken Brawl	6.86	10	77	tower	1	intense	99466740900675
61	Tower of Falling Up	6.93	10	65	tower	1	intense	102463356765927
62	Tower of Eye Candy	7.01	10	84	tower	1	remorseless	2767230538134444
64	Tower of Minus Facility	7.75	10	83	tower	1	remorseless	255869244267909
117	This Is Probably A Tower	3.61	5	40	mini_tower	5	hard	\N
155	Totally A Tower	6.99	5	64	mini_tower	7	intense	\N
213	Tower of Intense Solar Chaos	6.3	10	65	tower	12	intense	2125384272
214	Tower of Dispersed Rooms	6.68	10	31	tower	12	intense	2125384245
215	Tower of Flustering Sections	6.71	10	66	tower	12	intense	2125384255
216	Tower of Niflheim	7.1	10	69	tower	12	remorseless	2125384258
217	Tower of Strategic Mechanics	9.46	10	65	tower	12	extreme	2125384017
119	Steeple of Meaningless Decisions	1.22	6	72	steeple	5	easy	2125416661
120	Tower of Jolly Good Fun	1.65	10	47	tower	5	easy	2125416710
121	Steeple of Low Woe	2.78	5	76	steeple	5	medium	2125416666
122	Steeple of Pursuit	2.86	6	31	steeple	5	medium	2125416664
124	Tower of Immense Ire	4.24	10	76	tower	5	difficult	2125416720
126	Tower of Versatility	4.64	10	67	tower	5	difficult	2125416714
127	Tower of Triangular Covering	6	10	76	tower	5	intense	2125416718
128	Steeple of Climbing	5.49	5	60	steeple	5	challenging	2125416687
133	Steeple of Beginner's Journey	1.11	6	85	steeple	6	easy	2125416740
134	Steeple of Devil's Snare	1.54	5	68	steeple	6	easy	2125416748
135	Steeple of Infectious Foliage	2.32	5	63	steeple	6	medium	2125416753
136	Steeple of Overgrowth	2.67	5	67	steeple	6	medium	2125416751
137	Steeple of Nightfall	2.81	6	72	steeple	6	medium	2125416757
140	Steeple of Flourishing Wastelands	5.61	6	59	steeple	6	challenging	2125416775
141	Tower of Perilous Antipode	6	10	90	tower	6	intense	2125416787
142	Steeple of Buoyant Automations	6.03	5	85	steeple	6	intense	2125416780
172	Steeple of Resort In Stasis	4.71	6	73	steeple	9	difficult	2143764006
173	Steeple of Ruinous Abate	4.87	5	64	steeple	9	difficult	2143764028
197	Tower of Excessive Weirdness	2.89	10	76	tower	11	medium	2130091633
199	Tower of Losing Our Zeal	4.86	10	64	tower	11	difficult	2130091635
200	Tower of Diverging Layers	5.37	10	47	tower	11	challenging	2130091637
202	Tower of Witchcraft and Wizardry	6.74	10	50	tower	11	intense	2130091642
203	Tower of Compact Spaces	6.98	10	64	tower	11	intense	2130091644
204	Tower of Tallying Every Mistake	7	10	77	tower	11	remorseless	2130091645
205	Tower of Triple Jeopardy	7.01	10	77	tower	11	remorseless	2130091646
206	Tower of Unsettling Heights	8.19	10	78	tower	11	insane	2130091648
207	Citadel of Inside Situations	4.6	14	48	citadel	11	difficult	2130091636
123	Steeple of Uninstalling Roblox	3.74	5	52	steeple	5	hard	2125416670
139	Steeple of Greenhouse Placidity	3.7	6	72	steeple	6	hard	2125416762
198	Tower of Two Sided Troubles	3.79	10	71	tower	11	hard	2130091634
160	Tower of Elysium	3.92	10	45	tower	8	hard	2125383779
161	Tower of Linonophobia	4.5	10	57	tower	8	difficult	2125383837
166	Tower of Nonsensical Platforms	7.08	10	47	tower	8	remorseless	2125383773
167	Tower of Corrupted Nightmares	7.95	10	42	tower	8	remorseless	2125383775
168	Tower of Vivid Sections	8.59	10	51	tower	8	insane	1702092531030865
169	Tower of Inception	10.87	10	52	tower	8	terrifying	2125383801
185	Tower of Nice Views	2.85	10	55	tower	10	medium	2125383930
186	Tower of Trivial Resentment	3.99	10	73	tower	10	hard	2125383926
188	Tower of Downward Mobility	5.17	10	49	tower	10	challenging	2125383947
208	Tower of Friendly Jumps	3.03	10	28	tower	12	hard	2125384025
209	Tower of Environmental Pain	4.4	10	37	tower	12	difficult	2125384021
210	Tower of Radiant Realms	4.52	10	56	tower	12	difficult	2125384251
211	Tower of Twisted Inquisition	5.45	10	39	tower	12	challenging	2125384250
195	Likely A Tower	4.04	5	67	mini_tower	10	difficult	\N
212	Tower of A Depressing Future	6.12	10	65	tower	12	intense	2125384235
252	Tower of Great Overcomings	6.49	10	79	tower	17	intense	2125416546
253	Tower of Beat Block Berserk	7.03	10	79	tower	17	remorseless	2125416595
254	Tower of Questionable Trials	7.23	10	66	tower	17	remorseless	2125416555
261	Tower of Bloodthirsty Kenos	9.08	10	63	tower	17	extreme	2125416575
262	Tower of Journey's End	10.5	10	50	tower	17	terrifying	2125416646
263	Tower of Nervous Sweating	10.6	10	68	tower	17	terrifying	2125416613
264	Tower of Augmented Misery	11	10	69	tower	17	catastrophic	2125416602
265	Tower of Champion's Road	11.71	10	53	tower	17	catastrophic	2125416609
175	Steeple of Descendance	5.15	6	80	steeple	9	challenging	2143764044
176	Tower of There Is No Tower	5.42	1110	79	tower	9	challenging	2143764050
177	Steeple of Guiding Lights	5.66	6	66	steeple	9	challenging	2143764056
178	Steeple of Xenial Abyss	5.9	6	69	steeple	9	challenging	2143764064
180	Tower of Shallow Waters	6.64	10	80	tower	9	intense	2143764094
181	Steeple of Involuntary Isolation	6.71	6	83	steeple	9	intense	2143764118
221	Tower of Fruity Zeal	2.66	10	50	tower	13	medium	2150139836
222	Tower of Viaduct Traversing	3.88	10	50	tower	13	hard	2150139890
225	Tower of Whisking It All	6.26	10	50	tower	13	intense	2150139994
227	Tower of Whirl of Winds	6.42	10	50	tower	13	intense	2150140003
229	Tower of Forever-Sleeping Flower	7.02	10	50	tower	13	remorseless	2150140154
230	Tower of Climactic Beats	7.06	10	50	tower	13	remorseless	2150140240
231	Tower of Rhythm Heaven	7.74	10	50	tower	13	remorseless	2150554134
232	Tower of Mechanical Disarray	7.79	10	50	tower	13	remorseless	2150140190
233	Tower of Wicked Fortress	9.39	10	50	tower	13	extreme	2150140265
248	Tower of Lethean Recollection	4.13	10	85	tower	16	difficult	1289207222729699
249	Tower of You're Late For Work	4.73	10	80	tower	16	difficult	3753365954140761
250	Tower of Pursuit Led Astray	4.96	10	69	tower	16	difficult	2766842373955971
251	Steeple of Balloon Commune	5.63	6	48	steeple	16	challenging	53740875259774
267	Tower of Zero Disturbances	1.08	10	86	tower	18	easy	2125416899
255	Tower of Pastel Pillars	7.87	10	52	tower	17	remorseless	2125416587
457	Tower of Buttons	1.48	10	71	tower	28	easy	1792274219914148
446	Tower of Critical Damage	1.93	10	79	tower	28	easy	1985325594898930
447	Tower of Boost Mayhem	2	10	69	tower	28	medium	2424222337564254
448	Tower of Various Pressures	2.24	10	63	tower	28	medium	3194046165949700
449	Tower of Kinetic Potential	2.54	10	84	tower	28	medium	3190118081857963
235	Tower of Somewhat Simple Scaling	2.38	10	55	tower	15	medium	2125416493
236	Tower of Needing Basic Aptitude	3.9	10	63	tower	15	hard	2125416489
223	Tower of Corner Wedge Climbing	4.23	10	50	tower	13	difficult	2150139931
219	Fortunately Not A Tower	6.76	5	33	mini_tower	12	intense	\N
257	Tower of High Adrenaline	8.14	10	64	tower	17	insane	2125416583
258	Tower of Bent Trauma	8.21	10	81	tower	17	insane	2125416549
455	Tower of Genesis	1	10	73	tower	28	easy	2998040866283977
259	Tower of Curved Ascent	8.46	10	83	tower	17	insane	2125416566
456	Tower of Motion Evolution	1.46	10	82	tower	28	easy	1180657673680675
260	Tower of Frightening and Confusing Trials	9.05	10	72	tower	17	extreme	2125416543
268	Tower of Peaceful Happiness and Tranquility	1.55	10	69	tower	18	easy	2125416824
270	Tower of Peace	3.26	10	47	tower	18	hard	2125416895
237	Tower of Voluminous Framework	5.25	10	75	tower	15	challenging	2125416511
226	Tower of Shadowy Radiance	6.08	10	50	tower	13	intense	2150140037
269	Tower of Atlantic Depths	2.65	10	70	tower	18	medium	2125416834
285	Tower of Slanted Anticipation	2.98	10	75	tower	19	medium	2125418346
286	Tower of Ground Level Ascension	3.57	10	63	tower	19	hard	2125418311
287	Tower of Troublesome Adventures	4.05	10	44	tower	19	difficult	2125418352
289	Tower of Dreams and Caverns	4.91	10	40	tower	19	difficult	2125418292
290	Tower of Pleasant Fantasies	5.62	10	63	tower	19	challenging	2125418326
291	Tower of Slipping and Sliding	5.74	10	33	tower	19	challenging	2125418349
295	Tower of Great Displeasure	7.17	10	41	tower	19	remorseless	2125418305
296	Tower of Chaotic Moments	7.25	10	71	tower	19	remorseless	2125418342
298	Citadel of Green Stuff	6.39	16	79	citadel	19	intense	2125418384
309	Tower of Six Feet Under	1.05	10	73	tower	21	easy	2125418434
310	Tower of Overestimating Difficulty	1.99	10	62	tower	21	easy	2125418437
311	Tower of Broken Bricks	2.07	10	65	tower	21	medium	2125418444
316	Tower of Mild Agitation	4.59	10	46	tower	21	difficult	2125418450
317	Tower of Cogs and Steam	4.66	10	66	tower	21	difficult	2125418452
319	Tower of Menacing Creations	5.56	10	67	tower	21	challenging	2125418490
320	Tower of Quirky Contraptions	6.18	10	49	tower	21	intense	2125418461
321	Tower of Infuriating Obstacles	6.32	10	35	tower	21	intense	2125418432
322	Tower of Cruel and Unusual Punishment	6.46	10	63	tower	21	intense	2125418481
323	Tower of Hopeless Hell	9.36	10	62	tower	21	extreme	2125418485
324	Citadel of Tricky Situations	4.98	14	57	citadel	21	difficult	2125418491
377	Tower of Melons In Time	3.76	10	69	tower	26	hard	2143540746
71	Steeple of Mystical Marine	1.76	5	75	steeple	2	easy	2125418964
273	Tower of Contractual Obligations	4.46	10	33	tower	18	difficult	2125416881
297	Tower of Double Trouble	8	10	73	tower	19	insane	2125418381
325	Tower of Fairly Simple Challenges	1.58	10	76	tower	22	easy	2125418571
451	Tower of Keys To Success	3	10	78	tower	28	hard	2557966395367805
452	Tower of Dancing All Night	3.62	10	79	tower	28	hard	3557168381486575
454	Citadel of Victory	3.55	20	68	citadel	28	hard	3615836876088083
272	Tower of Mirrored Hecc	3.91	10	70	tower	18	hard	2125416877
274	Tower of Yearning Success	4.92	10	63	tower	18	difficult	2125416861
275	Tower of Absolute Vexation	5.21	10	77	tower	18	challenging	2125416816
276	Tower of Wanting Extra Levels	5.91	10	64	tower	18	challenging	2125416812
277	Tower of Ultimately Terrifying	6.58	10	33	tower	18	intense	2125416814
278	Tower of Extreme Dystopia	7.12	10	53	tower	18	remorseless	2125416830
279	Tower of Really Nasty Ideas	7.19	10	76	tower	18	remorseless	2125416850
284	Tower of Venomous Resonance	2.68	10	76	tower	19	medium	2125418290
292	Tower of Extraterrestrial Enchantment	6.49	10	72	tower	19	intense	2125418299
293	Tower of Arcanium Zenturing	6.76	10	57	tower	19	intense	2125418287
294	Tower of Triangular Terror	6.98	10	55	tower	19	intense	2125418297
282	Somewhat A Tower	5.53	5	57	mini_tower	18	challenging	\N
453	Tower Not Found	3.11	5	73	tower	28	hard	\N
312	Tower of Client Object Frenzy	2.77	10	52	tower	21	medium	2125418463
313	Tower of Cracked, Crushed Cubes	3.58	10	60	tower	21	hard	2125418441
314	Tower of Xanthophobia	3.81	10	71	tower	21	hard	2125418479
315	Tower of Dimensional Hopping	4.38	10	51	tower	21	difficult	2125418455
332	Tower of Sovereign Traveling	3.4	10	54	tower	23	hard	\N
334	Tower of Super Stupid Security Systems	3.91	10	66	tower	23	hard	\N
366	Tower of Astral Fusion	7.02	10	85	tower	24	remorseless	2125418733
370	Tower of Massive Overheating	7.42	10	78	tower	24	remorseless	2125418841
372	Tower of The Dripping Amalgam	9.55	10	84	tower	24	extreme	2125418850
374	Tower of Micro Management	10.33	10	68	tower	24	terrifying	2125418865
363	Tower of Sweet Victory	3.72	10	75	tower	25	hard	2127628469
369	Tower of Growing Madness	5.07	10	85	tower	25	challenging	2127628496
375	Tower of White Space	5.88	10	64	tower	25	challenging	2127628476
378	Tower of Cosmic Tides	3.93	10	78	tower	26	hard	2143540875
379	Tower of A Tetromino Disaster	4.78	10	78	tower	26	difficult	2143540994
380	Tower of X Madness	4.96	10	72	tower	26	difficult	2143541564
384	Tower of Never Ending Fun	6.65	10	71	tower	26	intense	2143541637
385	Tower of Manic Lows	6.78	10	73	tower	26	intense	2143541678
386	Tower of Overbearing Vertigo	7.04	10	81	tower	26	remorseless	2143541757
387	Tower of Time and Space Manipulation	7.38	10	85	tower	26	remorseless	2143541820
388	Tower of No Return	7.73	10	84	tower	26	remorseless	2143541971
389	Tower of Rough Endoplasmic Reticulum	8.89	10	80	tower	26	insane	2144100620
390	Tower of Astral Eclipse	9	10	83	tower	26	extreme	2144100719
393	Tower of Clandestine Zones	5.05	10	63	tower	27	challenging	3272958117661218
394	Tower of Resonant Landscapes	5.32	10	72	tower	27	challenging	3402148860296470
395	Tower of Interstellar Terrarium	5.63	10	69	tower	27	challenging	336549132922735
396	Tower of Valiant Verges	5.95	10	77	tower	27	challenging	679296910866412
376	Citadel of Twists and Weirdness	6.06	14	84	citadel	24	intense	2125418913
382	Tower of Flame Restoration	5.96	10	66	tower	26	challenging	2143541590
426	Tower of Elongated Runs	11.85	10	60	tower	14	catastrophic	2125394329
346	Tower of Heiwana Kaze	6.33	10	80	tower	23	intense	2125418597
353	Tower of Foreign Domains	3.64	10	73	tower	24	hard	2125418711
355	Tower of Rock Climbing	4.67	10	85	tower	24	difficult	2125418742
357	Tower of Conflicting Frontiers	5.19	10	60	tower	24	challenging	2125418658
358	Tower of Break It, Buy It	5.38	10	70	tower	24	challenging	2125418817
360	Tower of Angled Scenery	5.54	10	74	tower	24	challenging	2125418718
362	Tower of Hefty Magnitude	5.88	10	78	tower	24	challenging	2125418764
364	Tower of Hazardous Laddering	6.25	10	72	tower	24	intense	2125418727
365	Tower of Watts	6.4	10	68	tower	24	intense	2125418748
367	Tower of Bygone Relic	4.49	10	77	tower	25	difficult	2127628626
368	Tower of Destructive Fever	4.72	10	67	tower	25	difficult	2127628615
381	Tower of Galactic Voyage	5.18	10	77	tower	26	challenging	2143541572
341	Tower of Bright Serenity	4.75	10	52	tower	23	difficult	\N
343	Tower of Stairs To Spare	5.31	10	76	tower	23	challenging	\N
344	Tower of Unhealthy Escalation	5.99	10	58	tower	23	challenging	\N
347	Tower of Horrifying Experiences	6.33	10	74	tower	23	intense	\N
348	Tower of Guided Trials	6.52	10	60	tower	23	intense	\N
356	Citadel of Corporate Enterprise	6.79	15	74	citadel	23	intense	\N
349	Tower of Anticlimactic Outcomes	6.96	10	74	tower	23	intense	\N
350	Tower of Brutal and Bizarre Torment	7.61	10	69	tower	23	remorseless	\N
351	Tower of Zany Architecture	7.94	10	73	tower	23	remorseless	\N
352	Tower of Polychromatic Zero	8.72	10	78	tower	23	insane	\N
383	Tower of One Nine	6.33	10	80	tower	26	intense	2143541631
100	Thanos Tower	8.05	10	68	tower	3	insane	2125364309
102	Citadel of Laptop Splitting	6.5	17	78	citadel	3	intense	2125364319
109	Tower of Deep Darkness	5.8	10	62	tower	4	challenging	2125365155
110	Tower of Shattered Dreams	5.84	10	42	tower	4	challenging	2125365112
164	Tower of Holy Flip	6.45	10	58	tower	8	intense	2125383842
165	Tower of Oblivion	6.97	9	82	tower	8	intense	2144113169
171	Citadel of Uneasiness	6.8	15	77	citadel	8	intense	2125383807
189	Tower of Obvious Chaos	5.72	10	65	tower	10	challenging	2125383952
190	Tower of Floral Fury	6.05	10	45	tower	10	intense	2125383919
433	Tower of Infiltrated Ruins	6.36	10	84	tower	16	intense	4465046116074335
359	Tower of Jazz	2.75	10	67	tower	25	medium	2127628644
361	Tower of Rough Waters	3.23	10	59	tower	25	hard	2127628452
409	Tower of Yore	6.27	10	84	tower	25	intense	2127628573
410	Tower of Cone Mesh Climbing	6.48	10	81	tower	25	intense	2127628592
411	Tower of Swift and Precise Sections	6.78	10	58	tower	25	intense	2127628598
412	Tower of Uncontrollable Ire	7.71	10	85	tower	25	remorseless	2127628708
413	Tower of Fractured Memories	10	10	73	tower	25	terrifying	2127628633
414	Tower of Uncanny Agony	10.76	10	69	tower	25	terrifying	2127628604
415	Citadel of A Cruel Tale	7.77	17	81	citadel	25	remorseless	2127628655
115	Citadel of Wacky Strategy	7.96	25	83	citadel	4	remorseless	2125365166
162	Tower of Leaning Ledges	4.7	10	80	tower	8	difficult	2125383785
398	Tower of Mach Nine	6.99	10	72	tower	27	intense	3391647603337289
399	Tower of One Two Three Four	7.12	10	87	tower	27	remorseless	700401771595466
400	Tower of The Despondent Fortress	7.24	10	70	tower	27	remorseless	3798209650683082
401	Tower of Prismatic Instability	7.52	10	75	tower	27	remorseless	2326507854403116
89	Tower of Anger	1.5	10	47	tower	3	easy	2125364239
90	Tower of Madness	2.12	10	72	tower	3	medium	2125364247
91	Tower of Noticeable Infuriation	2.8	10	66	tower	3	medium	2125394398
92	Tower of Hecc	3.3	10	67	tower	3	hard	2125363409
93	Tower of Killjoys	3.47	10	66	tower	3	hard	2125364325
94	Tower of Keyboard Yeeting	4.1	10	63	tower	3	difficult	2125364279
95	Tower of Stress	4.88	10	54	tower	3	difficult	2125364284
98	Tower of Impossible Expectations	6.01	10	67	tower	3	intense	2125364211
99	Tower of True Skill	7.09	10	66	tower	3	remorseless	2125364257
111	Tower of Table Flipping	6.44	10	64	tower	4	intense	2125365132
112	Tower of Eternal Suffering	7.5	10	51	tower	4	remorseless	2125365108
113	Tower of Difficulty Chart	8.03	10	64	tower	4	insane	2125365158
154	Tower of Confusion	8.94	10	43	tower	7	insane	2125365521
156	Citadel of Heights and Depths	6.13	17	86	citadel	7	intense	2125365543
163	Tower of Dust and Decay	5.22	10	57	tower	8	challenging	2125383771
191	Tower of Extraordinary Adventures	6.12	10	43	tower	10	intense	2125383938
428	Citadel of True Exasperation	7.66	13	83	citadel	14	remorseless	2125394342
430	Steeple of Two Minute Noodles	5.89	6	84	steeple	16	challenging	3730347966032771
431	Steeple of The Manufactured Monstrosity	5.92	6	63	steeple	16	challenging	2763253159461072
432	Tower of The Umbrella, The User	6.32	10	91	tower	16	intense	165330479439546
114	Maybe A Tower	1.07	5	36	mini_tower	4	easy	\N
170	Will Be A Tower	5.01	5	74	mini_tower	8	challenging	\N
427	Far From A Surprising Tower	4.79	5	70	mini_tower	14	difficult	\N
245	Tower of Externalizing Insanity	9.95	10	71	tower	15	extreme	2125416481
418	Tower of Distorted Aerodynamics	5.85	10	73	tower	14	challenging	2125394317
420	Tower of Never Giving Up, Ever	6.54	10	71	tower	14	intense	2125394365
240	Tower of Uneasy Scaling	6.66	10	78	tower	15	intense	2125416517
241	Tower of Insanely Innovative Ideas	6.99	10	65	tower	15	intense	2125416498
243	Tower of Mean Tasks	7.69	10	68	tower	15	remorseless	2125416487
244	Tower of Suffering Outside	9.53	10	80	tower	15	extreme	2125416523
246	Tower of Generation Failure	11.17	10	69	tower	15	catastrophic	2125416507
247	Citadel of Constant Heart Stopping	6.49	18	70	citadel	15	intense	2125416477
131	Tower of Dangerous Expeditions	6.75	10	68	tower	5	intense	2125416731
132	Steeple of Towering Pillars	7.65	6	61	steeple	5	remorseless	2125416704
116	Tower of Mind Breaking	8.36	10	81	tower	5	insane	2130253292
118	Citadel of Weird Nostalgia	6.77	25	34	citadel	5	intense	2125416732
443	Steeple of Feudal Foliage	3.8	5	79	steeple	6	hard	2125416771
444	Steeple of Lost In Quiescence	3.84	5	67	steeple	6	hard	2125416758
182	Tower of Tenebrous Depths	6.9	10	91	tower	9	intense	2143764125
183	Steeple of Midnight Acropolis	7.34	6	59	steeple	9	remorseless	2143764150
184	Steeple of Malignant Blight	7.45	5	83	steeple	9	remorseless	2143764143
435	Tower of A Disillusioned Existence	6.57	10	78	tower	16	intense	491118547215153
436	Tower of Warranted Retribution	6.75	10	81	tower	16	intense	2122020127306477
438	Tower of House Without Home	7.35	10	67	tower	16	remorseless	4114801218397975
440	Steeple of Cheesy Vengeance	7.69	6	57	steeple	16	remorseless	1358487401757254
439	Steeple of Forlorn Blizzard	7.64	6	82	steeple	16	remorseless	1391896070846757
442	Tower of Frightening Nightmares	10.14	10	42	tower	10	terrifying	2125383912
419	Tower of Orientating Oscillating Opinions	6.29	10	79	tower	14	intense	2125394368
242	Tower of Verdant Entropy	7.56	10	84	tower	15	remorseless	2125416520
437	Tower of Fleeing From Everything Ending	7.32	10	71	tower	16	remorseless	2919301511601152
299	Steeple of Biome Traversing	2.39	5	58	steeple	20	medium	2125419026
301	Steeple of Realm Odyssey	3.17	5	40	steeple	20	hard	2125419042
302	Steeple of Atmospheric Powers	3.36	5	59	steeple	20	hard	2125419052
303	Steeple of Twisted Crystals	4.15	6	59	steeple	20	difficult	2125419045
304	Steeple of Magical Elements	4.81	6	44	steeple	20	difficult	2125419038
192	Tower of Tokyo Heights	6.46	10	75	tower	10	intense	2125383923
193	Tower of Glitching and Healing	7.05	10	65	tower	10	remorseless	2125383949
441	Tower of Icy Blizzards	8.57	10	70	tower	10	insane	2125383934
196	Citadel of Contrasting Regions	7.57	15	52	citadel	10	remorseless	2125383986
220	Citadel of Scythe Recognition	7.34	17	74	citadel	12	remorseless	2125384265
234	Tower of Rushed Building	4.58	10	61	tower	14	difficult	2125394373
421	Tower of Never Ending Dizziness	7.18	10	69	tower	14	remorseless	2125394357
422	Tower of Ultraviolet	7.55	10	79	tower	14	remorseless	2125394379
423	Tower of Yearning Victory	7.67	10	61	tower	14	remorseless	2125394384
424	Tower of Extreme Hell	8.17	10	36	tower	14	insane	2125394321
425	Tower of Terrifying Beauty	9.43	10	64	tower	14	extreme	2125394390
238	Tower of Vibrant Adventures	5.6	10	56	tower	15	challenging	2125416514
239	Tower of Aamos' Anger	5.75	10	71	tower	15	challenging	2125416501
266	Tower of Cruel Punishment	11.99	10	73	tower	17	catastrophic	2125416545
129	Steeple of Huge Pain	6.35	5	56	steeple	5	intense	2125416698
130	Tower of Increasing Stress	6.37	10	70	tower	5	intense	2125416725
280	Tower of Zespluz	7.97	10	36	tower	18	remorseless	2125416883
404	Tower of Tee Hee Time	8.99	10	81	tower	27	insane	312790140010623
281	Tower of Thinning Layers	8.48	10	56	tower	18	insane	2125416865
336	Tower of Dance Dance Destruction	7.13	10	66	tower	22	remorseless	2125418559
338	Tower of Funky Grooves	7.29	10	76	tower	22	remorseless	2125418552
339	Tower of Tornado Vehemence	7.98	10	76	tower	22	remorseless	2125418551
340	Tower of Inevitable Failure	8.45	10	74	tower	22	insane	2125418537
342	Tower of Astronomically Aimless Annoyances	9.25	10	83	tower	22	extreme	2125418565
228	Tower of Largely Limited Luminance	6.55	10	50	tower	13	intense	2150140099
391	Tower of Descent Into Exile	11.36	10	74	tower	26	catastrophic	2144100780
54	Tower of Arrantly Bodeful Cavern Depths	4.95	10	84	tower	1	difficult	4383427940994188
158	Tower of Getting Gnomed	2.84	10	38	tower	8	medium	2125383766
187	Tower of Rigid Success	4.36	10	51	tower	10	difficult	2125383920
70	Citadel of Increasing Claustrophobia	7.83	21	81	citadel	1	remorseless	1742639288936563
403	Tower of Rain on My World	8.81	10	73	tower	27	insane	1977424686097217
405	Tower of Blast Power	9.6	10	82	tower	27	extreme	355685079411731
407	Tower of Raging Tempest	11.64	10	79	tower	27	catastrophic	340419315411712
408	Citadel of Overcoming The World's Imperfections	7.99	18	69	citadel	27	remorseless	2507199611553026
306	Steeple of Witch Calamity	5.81	5	28	steeple	20	challenging	2125419048
308	Tower of Icy Adventures	7.03	10	76	tower	20	remorseless	2125419019
79	Steeple of Hallucinatory Spectacles	4.8	6	56	steeple	2	difficult	2125418989
84	Tower of Traversing The Tropics	6.06	10	52	tower	2	intense	2125418976
143	Not Even A Flower	5.79	6	62	mini_tower	6	challenging	\N
450	Tower of No Strings Attached	2.7	10	83	tower	28	medium	1406264843938633
153	Tower of Despair	5.29	10	29	tower	7	challenging	2125365496
194	Tower of Fractured Obstacles	7.31	10	46	tower	10	remorseless	2125383955
256	Citadel of Lethargy	7.68	15	69	citadel	17	remorseless	2125416621
125	Steeple of Wall Punching	4.57	6	42	steeple	5	difficult	2125416683
138	Steeple of Overgrown Ascension	3.16	5	70	steeple	6	hard	2125416759
174	Tower of Ancestral Interference	4.99	10	87	tower	9	difficult	2143764022
179	Steeple of Wicked Grotto	6.02	5	78	steeple	9	intense	2143764075
201	Tower of Odd Odyssey	5.59	10	70	tower	11	challenging	2130091638
224	Tower of Wanting More Time	5.03	10	50	tower	13	challenging	2150139949
271	Tower of Hands Sweating	3.48	10	70	tower	18	hard	2125416818
283	Citadel of Peril	7.95	15	86	citadel	18	remorseless	2125416858
326	Tower of Aquatic Contemplation	2.95	10	62	tower	22	medium	2125418569
327	Tower of Fun and Simple Trials	3.29	10	68	tower	22	hard	2125418562
328	Tower of Up Is Down	3.56	10	80	tower	22	hard	2125418547
330	Tower of Wicked Wedges	4.69	10	72	tower	22	difficult	2125418529
329	Tower of Elevator Travelling	4.51	10	72	tower	22	difficult	2125418556
86	Steeple of Underlying Breezes	6.54	6	53	steeple	2	intense	2125418958
331	Tower of Pure Chroma	5.82	10	75	tower	22	challenging	2125418532
333	Tower of Mechanically Induced Mayhem	6.02	10	81	tower	22	intense	2125418546
335	Tower of Shifting Slopes	6.8	10	64	tower	22	intense	2125418554
406	Tower of Complexity and Volatility	10.15	10	86	tower	27	terrifying	3257215550818295
337	Tower of Fractal Volution	4.52	10	80	tower	23	difficult	\N
354	Tower of Alien Radiance	10.33	10	76	tower	23	terrifying	\N
97	Tower of Rage	5.58	10	48	tower	3	challenging	2125364213
108	Tower of Traps	5.71	10	66	tower	4	challenging	2125365144
218	Tower of Impossible Movement	10.1	10	40	tower	12	terrifying	2125384270
416	Tower of Collective Collaboration	5.46	10	46	tower	14	challenging	2125394315
417	Tower of Feeling Lazy	5.6	10	50	tower	14	challenging	2125394352
445	Steeple of Various Vivariums	4.01	6	78	steeple	6	difficult	2125416767
429	Steeple of After-Life Detention	5.26	5	58	steeple	16	challenging	2634745481559417
434	Steeple of Itsy Bitsy	6.4	6	70	steeple	16	intense	391052562773885
288	Tower of Unearthed Discoveries	4.21	10	54	tower	19	difficult	2125418354
318	Tower of Requiring Critical Help	4.98	10	56	tower	21	difficult	2125418458
345	Citadel of Quadrilaterals	7.85	12	61	citadel	22	remorseless	2125418563
371	Tower of Brief Challenges	7.56	10	72	tower	24	remorseless	2125418858
373	Tower of Cylindrical Extensions	5.61	10	78	tower	25	challenging	2127628515
392	Citadel of Pyramid Escapades	7.07	25	87	citadel	26	remorseless	2143542080
397	Tower of Expecting The Unexpected	6.79	10	78	tower	27	intense	107230483116768
402	Tower of Power Laws	7.86	10	87	tower	27	remorseless	4169473905789944
300	Steeple of Astounding Sorcery	2.44	5	56	steeple	20	medium	2125419030
305	Steeple of Crystal Ascension	5.23	6	46	steeple	20	challenging	2125419033
307	Steeple of Magical Collaborations	6.22	6	44	steeple	20	intense	2125419035
77	Steeple of Aquatic Rallies	4.34	6	65	steeple	2	difficult	2125418997
\.


--
-- Data for Name: api_tower_creators_m2m; Type: TABLE DATA; Schema: public; Owner: postgres
--

COPY public.api_tower_creators_m2m (id, tower_id, creator_id) FROM stdin;
1	55	1
2	55	2
3	56	3
4	56	4
5	57	5
6	57	6
7	101	7
8	87	8
9	58	9
10	59	10
11	60	11
12	61	12
13	62	13
14	62	14
15	63	15
16	64	16
17	96	7
18	65	17
19	66	18
20	66	19
21	66	20
22	106	21
23	106	22
24	88	23
25	103	24
26	104	25
27	105	23
28	105	6
29	105	26
30	107	27
31	72	28
32	72	29
33	72	6
34	73	30
35	74	31
36	75	32
37	76	3
38	76	33
39	78	34
40	80	8
41	80	35
42	80	36
43	81	37
44	81	38
45	82	39
46	83	40
47	83	41
48	85	42
49	67	8
50	68	43
51	69	44
52	117	45
53	155	45
54	155	46
55	145	47
56	152	48
57	152	49
58	152	50
59	152	51
60	144	23
61	144	6
62	144	26
63	146	52
64	147	24
65	148	53
66	149	54
67	150	55
68	150	56
69	150	57
70	151	7
71	157	58
72	157	46
73	157	59
74	157	60
75	159	24
76	160	61
77	161	47
78	119	30
79	119	14
80	120	30
81	121	62
82	122	54
83	123	12
84	124	63
85	126	64
86	127	65
87	128	25
88	133	66
89	134	67
90	135	34
91	135	68
92	135	69
93	136	30
94	137	70
95	139	71
96	140	72
97	140	1
98	140	73
99	141	74
100	141	20
101	141	75
102	142	76
103	195	1
104	195	13
105	202	77
106	166	78
107	166	79
108	166	49
109	167	80
110	168	13
111	169	26
112	208	53
113	209	81
114	209	82
115	210	83
116	211	84
117	212	85
118	185	86
119	186	24
120	188	84
121	188	87
122	213	24
123	214	88
124	215	89
125	216	90
126	217	47
127	197	91
128	198	92
129	207	79
130	199	93
131	200	94
132	203	95
133	204	1
134	204	96
135	204	30
136	204	97
137	205	98
138	206	99
139	172	33
140	172	3
141	173	100
142	175	101
143	176	42
144	177	102
145	178	103
146	180	104
147	180	105
148	181	106
149	181	107
150	446	14
151	446	108
152	447	109
153	448	110
154	449	111
155	449	112
156	449	69
157	219	25
158	455	113
159	456	24
160	457	13
161	457	62
162	221	114
163	221	115
164	221	116
165	222	117
166	222	118
167	223	19
168	262	113
169	226	119
170	235	120
171	236	121
172	237	122
173	252	95
174	252	14
175	252	97
176	253	96
177	253	86
178	254	70
179	255	123
180	257	124
181	258	125
182	259	126
183	259	127
184	260	128
185	260	129
186	261	130
187	263	49
188	264	131
189	264	65
190	265	58
191	265	132
192	265	133
193	265	134
194	225	135
195	227	136
196	229	9
197	230	137
198	230	138
199	231	5
200	232	139
201	233	43
202	248	140
203	248	49
204	248	141
205	248	125
206	249	142
207	250	143
208	250	144
209	251	72
210	267	24
211	268	16
212	268	27
213	269	109
214	269	52
215	270	145
216	282	110
217	451	146
218	451	147
219	453	30
220	454	30
221	452	17
222	71	30
223	272	148
224	272	54
225	272	133
227	272	149
228	274	54
229	275	24
230	276	54
231	276	47
232	277	49
233	277	150
234	278	59
235	279	45
236	279	46
237	273	27
238	284	14
239	285	151
240	285	152
241	286	8
242	287	153
243	289	154
244	290	148
245	291	9
246	298	77
247	298	155
248	292	156
249	292	157
250	292	158
251	293	90
252	293	159
253	294	160
254	295	161
255	296	162
256	297	90
257	309	98
258	310	163
259	310	46
260	310	9
261	311	46
262	311	45
263	311	164
264	311	165
265	312	30
266	313	46
267	313	45
268	314	166
269	314	37
270	314	8
271	314	167
272	314	168
273	315	62
274	316	121
275	317	136
276	319	86
277	319	169
278	320	159
279	321	88
280	324	77
281	324	121
282	324	63
283	322	170
284	323	134
285	377	3
286	377	34
287	325	171
288	325	12
289	325	172
290	332	173
291	334	96
292	341	125
293	343	124
294	344	45
295	344	46
296	346	13
297	347	109
298	348	174
299	356	8
300	356	46
301	356	12
302	356	175
303	349	8
304	350	170
305	350	151
306	351	14
307	352	176
308	353	177
309	353	1
310	355	178
311	357	70
312	358	1
313	362	65
314	376	146
315	376	147
316	364	20
317	365	41
318	365	179
319	366	180
320	370	103
321	372	178
322	374	124
323	374	181
324	360	151
325	360	182
326	360	183
327	363	13
328	367	43
329	368	109
330	369	5
331	375	13
332	378	58
333	378	184
334	378	113
335	379	5
336	380	135
337	381	5
338	382	102
339	382	185
340	383	19
341	384	103
342	385	13
343	386	10
344	386	14
345	387	186
346	388	17
347	389	13
348	389	187
349	390	58
350	390	106
351	390	99
352	426	47
353	393	109
354	394	65
355	395	188
356	395	189
357	396	151
358	396	190
359	398	58
360	399	99
361	399	178
362	400	42
363	401	191
364	401	192
365	359	1
366	359	193
367	361	194
368	361	195
369	361	196
370	409	98
371	410	19
372	410	20
373	411	186
374	412	24
375	415	113
376	413	58
377	413	44
378	413	134
379	414	131
380	114	7
381	170	24
382	427	23
383	89	7
384	90	7
385	90	24
386	90	30
387	91	24
388	91	30
389	92	7
390	93	54
391	93	47
392	94	197
393	95	27
394	98	7
395	98	198
396	102	54
397	99	133
398	100	54
399	100	47
400	109	54
401	109	47
402	109	58
403	110	80
404	111	59
405	112	199
406	115	54
407	115	47
408	115	45
409	115	200
410	115	201
411	115	46
412	115	8
413	115	25
414	113	26
415	113	148
416	113	58
417	156	54
418	156	47
419	156	24
420	156	202
421	156	203
422	154	26
423	162	151
424	162	58
425	163	59
426	164	204
427	171	25
428	165	205
429	428	65
430	428	206
431	189	162
432	430	69
433	430	207
434	431	208
435	432	209
436	432	210
437	190	133
438	190	211
439	190	173
440	190	58
441	191	133
442	191	47
443	433	212
444	433	213
445	435	214
446	436	215
447	192	86
448	192	200
449	193	47
450	196	47
451	441	146
452	441	147
453	442	216
454	220	159
455	234	25
456	418	98
457	419	217
458	420	98
459	421	76
460	422	218
461	423	159
462	424	53
463	425	146
464	238	36
465	239	45
466	239	140
467	239	219
468	239	169
469	247	98
470	247	220
471	247	221
472	240	166
473	240	37
474	240	38
475	240	109
476	240	69
477	241	63
478	242	76
479	243	131
480	244	25
481	245	132
482	246	133
483	266	65
484	129	25
485	130	70
486	131	222
487	118	205
488	132	223
489	116	14
490	443	224
491	443	225
492	444	226
493	182	74
494	182	20
495	183	227
496	183	228
497	184	76
498	437	196
499	438	9
500	439	229
501	439	230
502	440	110
503	440	231
504	440	232
505	299	233
506	301	173
507	302	77
508	303	234
509	303	63
510	304	63
511	391	65
512	391	131
513	391	235
514	391	74
515	54	236
516	70	25
517	70	126
518	70	237
519	70	238
520	70	239
521	79	1
522	79	14
523	143	104
524	143	30
525	153	78
526	153	79
527	158	7
528	125	150
529	138	240
530	194	90
531	187	241
532	187	35
533	201	242
534	174	209
535	174	210
536	179	117
537	179	118
538	224	243
539	256	126
540	256	14
541	256	237
542	256	65
543	228	194
544	228	196
545	228	195
546	228	244
547	450	16
548	450	245
549	450	246
550	271	53
551	271	49
552	271	247
553	271	248
554	271	95
555	271	45
556	271	249
557	271	250
558	271	190
559	306	173
560	306	200
561	308	251
562	84	178
563	84	179
564	86	159
565	283	54
566	283	24
567	283	163
568	283	58
569	283	46
570	283	219
571	283	252
572	283	159
573	283	77
574	283	63
575	283	148
576	280	81
577	280	253
578	280	149
579	280	254
580	281	255
581	408	58
582	403	137
583	404	17
584	405	256
585	405	257
586	406	258
587	406	259
588	406	260
589	407	261
590	407	58
591	326	202
592	326	219
593	326	9
594	327	262
595	328	128
596	328	129
597	329	136
598	330	151
599	331	62
600	333	170
601	335	45
602	335	46
603	336	146
604	338	156
605	339	62
606	340	58
607	340	132
608	340	121
609	340	134
610	342	217
611	288	96
612	318	77
613	77	65
614	77	130
615	77	113
616	77	263
617	77	264
618	77	265
619	77	131
620	337	30
621	337	266
622	337	95
623	337	97
624	354	44
626	354	267
627	354	268
628	371	269
629	373	39
630	417	202
631	417	96
632	417	270
633	392	8
634	392	171
635	392	271
636	392	272
637	392	172
638	392	12
639	392	175
640	392	14
641	392	273
642	392	189
643	392	274
644	392	193
645	392	173
646	397	275
647	402	8
648	402	175
649	402	13
650	402	12
651	402	276
652	402	93
653	97	7
654	108	24
655	108	150
656	108	54
657	108	148
660	429	277
661	429	93
662	434	135
663	218	133
664	218	47
665	416	35
666	416	161
667	416	159
668	416	132
669	416	86
670	416	278
671	416	241
672	416	279
673	416	200
674	416	163
675	416	90
676	445	171
677	445	172
678	300	8
679	300	280
680	305	281
681	307	8
682	307	280
683	307	96
684	307	282
685	307	25
686	307	283
687	307	77
688	345	96
\.


--
-- Data for Name: auth_group; Type: TABLE DATA; Schema: public; Owner: postgres
--

COPY public.auth_group (id, name) FROM stdin;
\.


--
-- Data for Name: auth_group_permissions; Type: TABLE DATA; Schema: public; Owner: postgres
--

COPY public.auth_group_permissions (id, group_id, permission_id) FROM stdin;
\.


--
-- Data for Name: auth_permission; Type: TABLE DATA; Schema: public; Owner: postgres
--

COPY public.auth_permission (id, name, content_type_id, codename) FROM stdin;
1	Can add log entry	1	add_logentry
2	Can change log entry	1	change_logentry
3	Can delete log entry	1	delete_logentry
4	Can view log entry	1	view_logentry
5	Can add permission	2	add_permission
6	Can change permission	2	change_permission
7	Can delete permission	2	delete_permission
8	Can view permission	2	view_permission
9	Can add group	3	add_group
10	Can change group	3	change_group
11	Can delete group	3	delete_group
12	Can view group	3	view_group
13	Can add user	4	add_user
14	Can change user	4	change_user
15	Can delete user	4	delete_user
16	Can view user	4	view_user
17	Can add content type	5	add_contenttype
18	Can change content type	5	change_contenttype
19	Can delete content type	5	delete_contenttype
20	Can view content type	5	view_contenttype
21	Can add session	6	add_session
22	Can change session	6	change_session
23	Can delete session	6	delete_session
24	Can view session	6	view_session
25	Can add area	7	add_area
26	Can change area	7	change_area
27	Can delete area	7	delete_area
28	Can view area	7	view_area
29	Can add tower	8	add_tower
30	Can change tower	8	change_tower
31	Can delete tower	8	delete_tower
32	Can view tower	8	view_tower
33	Can add creator	9	add_creator
34	Can change creator	9	change_creator
35	Can delete creator	9	delete_creator
36	Can view creator	9	view_creator
37	Can add badge	10	add_badge
38	Can change badge	10	change_badge
39	Can delete badge	10	delete_badge
40	Can view badge	10	view_badge
41	Can add profile	11	add_profile
42	Can change profile	11	change_profile
43	Can delete profile	11	delete_profile
44	Can view profile	11	view_profile
\.


--
-- Data for Name: auth_user; Type: TABLE DATA; Schema: public; Owner: postgres
--

COPY public.auth_user (id, password, last_login, is_superuser, username, first_name, last_name, email, is_staff, is_active, date_joined) FROM stdin;
1	pbkdf2_sha256$1000000$R5kczVNiWXEBh17lpIPDID$VrcO9RvZ7t6JVud/byrs/BmczvesD27qXV+pfciW2mc=	2025-11-11 13:20:32.612835-08	t	trevrasher			trevrasher12@gmail.com	t	t	2025-11-09 11:09:01.316312-08
2		\N	f	IronBlockz	IronBlockz			f	t	2025-11-14 17:56:50.179697-08
\.


--
-- Data for Name: auth_user_groups; Type: TABLE DATA; Schema: public; Owner: postgres
--

COPY public.auth_user_groups (id, user_id, group_id) FROM stdin;
\.


--
-- Data for Name: auth_user_user_permissions; Type: TABLE DATA; Schema: public; Owner: postgres
--

COPY public.auth_user_user_permissions (id, user_id, permission_id) FROM stdin;
\.


--
-- Data for Name: django_admin_log; Type: TABLE DATA; Schema: public; Owner: postgres
--

COPY public.django_admin_log (id, action_time, object_id, object_repr, action_flag, change_message, content_type_id, user_id) FROM stdin;
1	2025-11-09 12:16:24.347435-08	16	Tower object (16)	3		8	1
2	2025-11-09 12:16:24.347469-08	18	Tower object (18)	3		8	1
3	2025-11-09 12:16:24.347483-08	19	Tower object (19)	3		8	1
4	2025-11-09 12:16:24.347493-08	17	Tower object (17)	3		8	1
5	2025-11-09 12:16:24.347503-08	15	Tower object (15)	3		8	1
6	2025-11-09 12:16:24.347512-08	14	Tower object (14)	3		8	1
7	2025-11-09 12:16:24.34752-08	13	Tower object (13)	3		8	1
8	2025-11-09 12:16:24.347528-08	1	Tower object (1)	3		8	1
9	2025-11-09 12:16:24.34754-08	2	Tower object (2)	3		8	1
10	2025-11-09 12:16:24.347549-08	5	Tower object (5)	3		8	1
11	2025-11-09 12:16:24.347558-08	11	Tower object (11)	3		8	1
12	2025-11-09 12:16:24.347567-08	7	Tower object (7)	3		8	1
13	2025-11-09 12:16:24.347575-08	6	Tower object (6)	3		8	1
14	2025-11-09 12:16:24.347583-08	3	Tower object (3)	3		8	1
15	2025-11-09 12:16:24.347591-08	4	Tower object (4)	3		8	1
16	2025-11-09 12:16:24.347599-08	10	Tower object (10)	3		8	1
17	2025-11-09 12:16:24.347607-08	9	Tower object (9)	3		8	1
18	2025-11-09 12:16:24.347615-08	8	Tower object (8)	3		8	1
19	2025-11-09 12:16:24.347622-08	12	Tower object (12)	3		8	1
20	2025-11-09 12:16:31.984052-08	36	Tower object (36)	3		8	1
21	2025-11-09 12:16:31.984077-08	20	Tower object (20)	3		8	1
22	2025-11-09 12:16:31.984089-08	29	Tower object (29)	3		8	1
23	2025-11-09 12:16:31.984099-08	23	Tower object (23)	3		8	1
24	2025-11-09 12:16:31.984108-08	21	Tower object (21)	3		8	1
25	2025-11-09 12:16:31.984116-08	35	Tower object (35)	3		8	1
26	2025-11-09 12:16:31.984127-08	28	Tower object (28)	3		8	1
27	2025-11-09 12:16:31.984141-08	27	Tower object (27)	3		8	1
28	2025-11-09 12:16:31.98415-08	26	Tower object (26)	3		8	1
29	2025-11-09 12:16:31.984159-08	32	Tower object (32)	3		8	1
30	2025-11-09 12:16:31.984168-08	22	Tower object (22)	3		8	1
31	2025-11-09 12:16:31.984176-08	30	Tower object (30)	3		8	1
32	2025-11-09 12:16:31.984183-08	25	Tower object (25)	3		8	1
33	2025-11-09 12:16:31.984191-08	33	Tower object (33)	3		8	1
34	2025-11-09 12:16:31.984198-08	24	Tower object (24)	3		8	1
35	2025-11-09 12:16:31.984206-08	31	Tower object (31)	3		8	1
36	2025-11-09 12:16:31.984214-08	34	Tower object (34)	3		8	1
37	2025-11-11 13:22:31.666277-08	53	Tower object (53)	3		8	1
38	2025-11-11 13:22:31.666309-08	37	Tower object (37)	3		8	1
39	2025-11-11 13:22:31.666323-08	46	Tower object (46)	3		8	1
40	2025-11-11 13:22:31.666336-08	40	Tower object (40)	3		8	1
41	2025-11-11 13:22:31.666347-08	38	Tower object (38)	3		8	1
42	2025-11-11 13:22:31.666357-08	52	Tower object (52)	3		8	1
43	2025-11-11 13:22:31.666366-08	45	Tower object (45)	3		8	1
44	2025-11-11 13:22:31.666374-08	44	Tower object (44)	3		8	1
45	2025-11-11 13:22:31.666382-08	43	Tower object (43)	3		8	1
46	2025-11-11 13:22:31.666391-08	49	Tower object (49)	3		8	1
47	2025-11-11 13:22:31.666399-08	39	Tower object (39)	3		8	1
48	2025-11-11 13:22:31.666407-08	47	Tower object (47)	3		8	1
49	2025-11-11 13:22:31.666415-08	42	Tower object (42)	3		8	1
50	2025-11-11 13:22:31.666423-08	50	Tower object (50)	3		8	1
51	2025-11-11 13:22:31.666431-08	41	Tower object (41)	3		8	1
52	2025-11-11 13:22:31.666439-08	48	Tower object (48)	3		8	1
53	2025-11-11 13:22:31.666449-08	51	Tower object (51)	3		8	1
54	2025-11-11 15:56:14.612357-08	101	Tower object (101)	2	[{"changed": {"fields": ["Score"]}}]	8	1
55	2025-11-11 15:56:14.616898-08	88	Tower object (88)	2	[{"changed": {"fields": ["Score"]}}]	8	1
56	2025-11-11 15:56:14.619401-08	89	Tower object (89)	2	[{"changed": {"fields": ["Score"]}}]	8	1
57	2025-11-11 15:56:14.621519-08	90	Tower object (90)	2	[{"changed": {"fields": ["Score"]}}]	8	1
58	2025-11-11 15:56:14.622766-08	91	Tower object (91)	2	[{"changed": {"fields": ["Score"]}}]	8	1
59	2025-11-11 15:56:14.623659-08	92	Tower object (92)	2	[{"changed": {"fields": ["Score"]}}]	8	1
60	2025-11-11 15:56:14.624432-08	93	Tower object (93)	2	[{"changed": {"fields": ["Score"]}}]	8	1
61	2025-11-11 15:56:14.625243-08	94	Tower object (94)	2	[{"changed": {"fields": ["Score"]}}]	8	1
62	2025-11-11 15:56:14.626948-08	95	Tower object (95)	2	[{"changed": {"fields": ["Score"]}}]	8	1
63	2025-11-11 15:56:14.627994-08	97	Tower object (97)	2	[{"changed": {"fields": ["Score"]}}]	8	1
64	2025-11-11 15:56:14.629387-08	98	Tower object (98)	2	[{"changed": {"fields": ["Score"]}}]	8	1
65	2025-11-11 15:56:14.630548-08	102	Tower object (102)	2	[{"changed": {"fields": ["Score"]}}]	8	1
66	2025-11-11 15:56:14.631642-08	99	Tower object (99)	2	[{"changed": {"fields": ["Score"]}}]	8	1
67	2025-11-11 15:56:14.632464-08	100	Tower object (100)	2	[{"changed": {"fields": ["Score"]}}]	8	1
68	2025-11-11 15:57:44.962899-08	114	Tower object (114)	2	[{"changed": {"fields": ["Score"]}}]	8	1
69	2025-11-11 15:57:44.966606-08	103	Tower object (103)	2	[{"changed": {"fields": ["Score"]}}]	8	1
70	2025-11-11 15:57:44.968806-08	104	Tower object (104)	2	[{"changed": {"fields": ["Score"]}}]	8	1
71	2025-11-11 15:57:44.970479-08	105	Tower object (105)	2	[{"changed": {"fields": ["Score"]}}]	8	1
72	2025-11-11 15:57:44.972016-08	107	Tower object (107)	2	[{"changed": {"fields": ["Score"]}}]	8	1
73	2025-11-11 15:57:44.972887-08	108	Tower object (108)	2	[{"changed": {"fields": ["Score"]}}]	8	1
74	2025-11-11 15:57:44.973788-08	109	Tower object (109)	2	[{"changed": {"fields": ["Score"]}}]	8	1
75	2025-11-11 15:57:44.975588-08	110	Tower object (110)	2	[{"changed": {"fields": ["Score"]}}]	8	1
76	2025-11-11 15:57:44.9766-08	111	Tower object (111)	2	[{"changed": {"fields": ["Score"]}}]	8	1
77	2025-11-11 15:57:44.978086-08	112	Tower object (112)	2	[{"changed": {"fields": ["Score"]}}]	8	1
78	2025-11-11 15:57:44.979302-08	115	Tower object (115)	2	[{"changed": {"fields": ["Score"]}}]	8	1
79	2025-11-11 15:57:44.980567-08	113	Tower object (113)	2	[{"changed": {"fields": ["Score"]}}]	8	1
80	2025-11-11 15:58:59.367041-08	144	Tower object (144)	2	[{"changed": {"fields": ["Score"]}}]	8	1
81	2025-11-11 15:58:59.370646-08	146	Tower object (146)	2	[{"changed": {"fields": ["Score"]}}]	8	1
82	2025-11-11 15:58:59.372104-08	147	Tower object (147)	2	[{"changed": {"fields": ["Score"]}}]	8	1
83	2025-11-11 15:58:59.373541-08	148	Tower object (148)	2	[{"changed": {"fields": ["Score"]}}]	8	1
84	2025-11-11 15:58:59.374544-08	149	Tower object (149)	2	[{"changed": {"fields": ["Score"]}}]	8	1
85	2025-11-11 15:58:59.375742-08	150	Tower object (150)	2	[{"changed": {"fields": ["Score"]}}]	8	1
86	2025-11-11 15:58:59.376774-08	151	Tower object (151)	2	[{"changed": {"fields": ["Score"]}}]	8	1
87	2025-11-11 15:58:59.380221-08	153	Tower object (153)	2	[{"changed": {"fields": ["Score"]}}]	8	1
88	2025-11-11 15:58:59.383038-08	156	Tower object (156)	2	[{"changed": {"fields": ["Score"]}}]	8	1
89	2025-11-11 15:58:59.385179-08	155	Tower object (155)	2	[{"changed": {"fields": ["Score"]}}]	8	1
90	2025-11-11 15:58:59.386687-08	154	Tower object (154)	2	[{"changed": {"fields": ["Score"]}}]	8	1
91	2025-11-11 16:00:00.338748-08	157	Tower object (157)	2	[{"changed": {"fields": ["Score"]}}]	8	1
92	2025-11-11 16:00:00.344462-08	159	Tower object (159)	2	[{"changed": {"fields": ["Score"]}}]	8	1
93	2025-11-11 16:00:00.348616-08	162	Tower object (162)	2	[{"changed": {"fields": ["Score"]}}]	8	1
94	2025-11-11 16:00:00.351305-08	170	Tower object (170)	2	[{"changed": {"fields": ["Score"]}}]	8	1
95	2025-11-11 16:00:00.353301-08	163	Tower object (163)	2	[{"changed": {"fields": ["Score"]}}]	8	1
96	2025-11-11 16:00:00.354936-08	164	Tower object (164)	2	[{"changed": {"fields": ["Score"]}}]	8	1
97	2025-11-11 16:00:00.356319-08	171	Tower object (171)	2	[{"changed": {"fields": ["Score"]}}]	8	1
98	2025-11-11 16:00:00.358082-08	165	Tower object (165)	2	[{"changed": {"fields": ["Score"]}}]	8	1
99	2025-11-11 16:16:20.147627-08	158	Tower object (158)	2	[{"changed": {"fields": ["Score"]}}]	8	1
100	2025-11-11 16:16:20.15278-08	160	Tower object (160)	2	[{"changed": {"fields": ["Score"]}}]	8	1
101	2025-11-11 16:16:20.154946-08	161	Tower object (161)	2	[{"changed": {"fields": ["Score"]}}]	8	1
102	2025-11-11 16:16:20.156541-08	166	Tower object (166)	2	[{"changed": {"fields": ["Score"]}}]	8	1
103	2025-11-11 16:16:20.157862-08	167	Tower object (167)	2	[{"changed": {"fields": ["Score"]}}]	8	1
104	2025-11-11 16:16:20.158903-08	168	Tower object (168)	2	[{"changed": {"fields": ["Score"]}}]	8	1
105	2025-11-11 16:16:20.159863-08	169	Tower object (169)	2	[{"changed": {"fields": ["Score"]}}]	8	1
106	2025-11-11 16:18:00.428907-08	185	Tower object (185)	2	[{"changed": {"fields": ["Score"]}}]	8	1
107	2025-11-11 16:18:00.434258-08	186	Tower object (186)	2	[{"changed": {"fields": ["Score"]}}]	8	1
108	2025-11-11 16:18:00.436376-08	195	Tower object (195)	2	[{"changed": {"fields": ["Score"]}}]	8	1
109	2025-11-11 16:18:00.438059-08	187	Tower object (187)	2	[{"changed": {"fields": ["Score"]}}]	8	1
110	2025-11-11 16:18:00.439623-08	188	Tower object (188)	2	[{"changed": {"fields": ["Score"]}}]	8	1
111	2025-11-11 16:18:00.442546-08	189	Tower object (189)	2	[{"changed": {"fields": ["Score"]}}]	8	1
112	2025-11-11 16:18:00.444219-08	190	Tower object (190)	2	[{"changed": {"fields": ["Score"]}}]	8	1
113	2025-11-11 16:18:00.445777-08	191	Tower object (191)	2	[{"changed": {"fields": ["Score"]}}]	8	1
114	2025-11-11 16:18:00.448711-08	192	Tower object (192)	2	[{"changed": {"fields": ["Score"]}}]	8	1
115	2025-11-11 16:18:00.450435-08	193	Tower object (193)	2	[{"changed": {"fields": ["Score"]}}]	8	1
116	2025-11-11 16:18:00.452286-08	196	Tower object (196)	2	[{"changed": {"fields": ["Score"]}}]	8	1
117	2025-11-11 16:27:18.951346-08	194	Tower object (194)	2	[{"changed": {"fields": ["Score"]}}]	8	1
118	2025-11-11 16:45:20.060126-08	185	Tower object (185)	2	[{"changed": {"fields": ["Score"]}}]	8	1
119	2025-11-11 16:45:20.063582-08	186	Tower object (186)	2	[{"changed": {"fields": ["Score"]}}]	8	1
120	2025-11-11 16:45:20.065423-08	195	Tower object (195)	2	[{"changed": {"fields": ["Score"]}}]	8	1
121	2025-11-11 16:45:20.066905-08	187	Tower object (187)	2	[{"changed": {"fields": ["Score"]}}]	8	1
122	2025-11-11 16:45:20.068146-08	188	Tower object (188)	2	[{"changed": {"fields": ["Score"]}}]	8	1
123	2025-11-11 16:45:20.069266-08	189	Tower object (189)	2	[{"changed": {"fields": ["Score"]}}]	8	1
124	2025-11-11 16:45:20.071221-08	190	Tower object (190)	2	[{"changed": {"fields": ["Score"]}}]	8	1
125	2025-11-11 16:45:20.072503-08	191	Tower object (191)	2	[{"changed": {"fields": ["Score"]}}]	8	1
126	2025-11-11 16:45:20.07618-08	192	Tower object (192)	2	[{"changed": {"fields": ["Score"]}}]	8	1
127	2025-11-11 16:45:20.078472-08	193	Tower object (193)	2	[{"changed": {"fields": ["Score"]}}]	8	1
128	2025-11-11 16:45:20.079894-08	194	Tower object (194)	2	[{"changed": {"fields": ["Score"]}}]	8	1
129	2025-11-11 16:45:20.08126-08	196	Tower object (196)	2	[{"changed": {"fields": ["Score"]}}]	8	1
130	2025-11-11 16:45:20.082824-08	441	Tower object (441)	2	[{"changed": {"fields": ["Score"]}}]	8	1
131	2025-11-11 16:45:20.084199-08	442	Tower object (442)	2	[{"changed": {"fields": ["Score"]}}]	8	1
132	2025-11-11 16:47:48.385026-08	208	Tower object (208)	2	[{"changed": {"fields": ["Score"]}}]	8	1
133	2025-11-11 16:47:48.389158-08	209	Tower object (209)	2	[{"changed": {"fields": ["Score"]}}]	8	1
134	2025-11-11 16:47:48.390654-08	210	Tower object (210)	2	[{"changed": {"fields": ["Score"]}}]	8	1
135	2025-11-11 16:47:48.392196-08	211	Tower object (211)	2	[{"changed": {"fields": ["Score"]}}]	8	1
136	2025-11-11 16:47:48.39349-08	212	Tower object (212)	2	[{"changed": {"fields": ["Score"]}}]	8	1
137	2025-11-11 16:47:48.39448-08	213	Tower object (213)	2	[{"changed": {"fields": ["Score"]}}]	8	1
138	2025-11-11 16:47:48.396192-08	214	Tower object (214)	2	[{"changed": {"fields": ["Score"]}}]	8	1
139	2025-11-11 16:47:48.397703-08	215	Tower object (215)	2	[{"changed": {"fields": ["Score"]}}]	8	1
140	2025-11-11 16:47:48.399416-08	219	Tower object (219)	2	[{"changed": {"fields": ["Score"]}}]	8	1
141	2025-11-11 16:47:48.400682-08	216	Tower object (216)	2	[{"changed": {"fields": ["Score"]}}]	8	1
142	2025-11-11 16:47:48.403471-08	220	Tower object (220)	2	[{"changed": {"fields": ["Score"]}}]	8	1
143	2025-11-11 16:47:48.40631-08	217	Tower object (217)	2	[{"changed": {"fields": ["Score"]}}]	8	1
144	2025-11-11 16:47:48.408816-08	218	Tower object (218)	2	[{"changed": {"fields": ["Score"]}}]	8	1
145	2025-11-11 16:49:35.989455-08	234	Tower object (234)	2	[{"changed": {"fields": ["Score"]}}]	8	1
146	2025-11-11 16:49:35.991932-08	427	Tower object (427)	2	[{"changed": {"fields": ["Score"]}}]	8	1
147	2025-11-11 16:49:35.992988-08	416	Tower object (416)	2	[{"changed": {"fields": ["Score"]}}]	8	1
148	2025-11-11 16:49:35.99419-08	418	Tower object (418)	2	[{"changed": {"fields": ["Score"]}}]	8	1
149	2025-11-11 16:49:35.995137-08	419	Tower object (419)	2	[{"changed": {"fields": ["Score"]}}]	8	1
150	2025-11-11 16:49:35.996276-08	420	Tower object (420)	2	[{"changed": {"fields": ["Score"]}}]	8	1
151	2025-11-11 16:49:35.997247-08	421	Tower object (421)	2	[{"changed": {"fields": ["Score"]}}]	8	1
152	2025-11-11 16:49:35.998256-08	422	Tower object (422)	2	[{"changed": {"fields": ["Score"]}}]	8	1
153	2025-11-11 16:49:35.999245-08	428	Tower object (428)	2	[{"changed": {"fields": ["Score"]}}]	8	1
154	2025-11-11 16:49:36.000119-08	423	Tower object (423)	2	[{"changed": {"fields": ["Score"]}}]	8	1
155	2025-11-11 16:49:36.000928-08	424	Tower object (424)	2	[{"changed": {"fields": ["Score"]}}]	8	1
156	2025-11-11 16:49:36.00175-08	425	Tower object (425)	2	[{"changed": {"fields": ["Score"]}}]	8	1
157	2025-11-11 16:49:44.635835-08	426	Tower object (426)	2	[{"changed": {"fields": ["Score"]}}]	8	1
158	2025-11-11 17:10:22.636867-08	235	Tower object (235)	2	[{"changed": {"fields": ["Score"]}}]	8	1
159	2025-11-11 17:10:22.642324-08	236	Tower object (236)	2	[{"changed": {"fields": ["Score"]}}]	8	1
160	2025-11-11 17:10:22.643973-08	237	Tower object (237)	2	[{"changed": {"fields": ["Score"]}}]	8	1
161	2025-11-11 17:10:22.646171-08	238	Tower object (238)	2	[{"changed": {"fields": ["Score"]}}]	8	1
162	2025-11-11 17:10:22.647248-08	239	Tower object (239)	2	[{"changed": {"fields": ["Score"]}}]	8	1
163	2025-11-11 17:10:22.648392-08	247	Tower object (247)	2	[{"changed": {"fields": ["Score"]}}]	8	1
164	2025-11-11 17:10:22.649661-08	240	Tower object (240)	2	[{"changed": {"fields": ["Score"]}}]	8	1
165	2025-11-11 17:10:22.650833-08	241	Tower object (241)	2	[{"changed": {"fields": ["Score"]}}]	8	1
166	2025-11-11 17:10:22.651741-08	242	Tower object (242)	2	[{"changed": {"fields": ["Score"]}}]	8	1
167	2025-11-11 17:10:22.652751-08	243	Tower object (243)	2	[{"changed": {"fields": ["Score"]}}]	8	1
168	2025-11-11 17:10:22.65369-08	244	Tower object (244)	2	[{"changed": {"fields": ["Score"]}}]	8	1
169	2025-11-11 17:10:22.655002-08	245	Tower object (245)	2	[{"changed": {"fields": ["Score"]}}]	8	1
170	2025-11-11 17:10:22.65675-08	246	Tower object (246)	2	[{"changed": {"fields": ["Score"]}}]	8	1
171	2025-11-11 17:11:48.446242-08	252	Tower object (252)	2	[{"changed": {"fields": ["Score"]}}]	8	1
172	2025-11-11 17:11:48.451545-08	253	Tower object (253)	2	[{"changed": {"fields": ["Score"]}}]	8	1
173	2025-11-11 17:11:48.453137-08	254	Tower object (254)	2	[{"changed": {"fields": ["Score"]}}]	8	1
174	2025-11-11 17:11:48.45486-08	256	Tower object (256)	2	[{"changed": {"fields": ["Score"]}}]	8	1
175	2025-11-11 17:11:48.456222-08	255	Tower object (255)	2	[{"changed": {"fields": ["Score"]}}]	8	1
176	2025-11-11 17:11:48.457743-08	257	Tower object (257)	2	[{"changed": {"fields": ["Score"]}}]	8	1
177	2025-11-11 17:11:48.459319-08	258	Tower object (258)	2	[{"changed": {"fields": ["Score"]}}]	8	1
178	2025-11-11 17:11:48.46098-08	259	Tower object (259)	2	[{"changed": {"fields": ["Score"]}}]	8	1
179	2025-11-11 17:11:48.462496-08	260	Tower object (260)	2	[{"changed": {"fields": ["Score"]}}]	8	1
180	2025-11-11 17:11:48.464503-08	261	Tower object (261)	2	[{"changed": {"fields": ["Score"]}}]	8	1
181	2025-11-11 17:11:48.466229-08	263	Tower object (263)	2	[{"changed": {"fields": ["Score"]}}]	8	1
182	2025-11-11 17:11:48.467633-08	264	Tower object (264)	2	[{"changed": {"fields": ["Score"]}}]	8	1
183	2025-11-11 17:11:48.469664-08	265	Tower object (265)	2	[{"changed": {"fields": ["Score"]}}]	8	1
184	2025-11-11 17:11:48.472191-08	266	Tower object (266)	2	[{"changed": {"fields": ["Score"]}}]	8	1
185	2025-11-11 17:13:02.755726-08	119	Tower object (119)	2	[{"changed": {"fields": ["Score"]}}]	8	1
186	2025-11-11 17:13:02.760507-08	120	Tower object (120)	2	[{"changed": {"fields": ["Score"]}}]	8	1
187	2025-11-11 17:13:02.762173-08	121	Tower object (121)	2	[{"changed": {"fields": ["Score"]}}]	8	1
188	2025-11-11 17:13:02.76315-08	122	Tower object (122)	2	[{"changed": {"fields": ["Score"]}}]	8	1
189	2025-11-11 17:13:02.764055-08	117	Tower object (117)	2	[{"changed": {"fields": ["Score"]}}]	8	1
190	2025-11-11 17:13:02.765772-08	123	Tower object (123)	2	[{"changed": {"fields": ["Score"]}}]	8	1
191	2025-11-11 17:13:02.767087-08	124	Tower object (124)	2	[{"changed": {"fields": ["Score"]}}]	8	1
192	2025-11-11 17:13:02.76822-08	125	Tower object (125)	2	[{"changed": {"fields": ["Score"]}}]	8	1
193	2025-11-11 17:13:02.769999-08	126	Tower object (126)	2	[{"changed": {"fields": ["Score"]}}]	8	1
194	2025-11-11 17:13:02.772943-08	127	Tower object (127)	2	[{"changed": {"fields": ["Difficulty", "Score"]}}]	8	1
195	2025-11-11 17:13:02.774936-08	128	Tower object (128)	2	[{"changed": {"fields": ["Score"]}}]	8	1
196	2025-11-11 17:13:02.777174-08	129	Tower object (129)	2	[{"changed": {"fields": ["Score"]}}]	8	1
197	2025-11-11 17:13:02.778119-08	130	Tower object (130)	2	[{"changed": {"fields": ["Score"]}}]	8	1
198	2025-11-11 17:13:02.779809-08	131	Tower object (131)	2	[{"changed": {"fields": ["Score"]}}]	8	1
199	2025-11-11 17:13:02.781237-08	118	Tower object (118)	2	[{"changed": {"fields": ["Score"]}}]	8	1
200	2025-11-11 17:13:02.78242-08	132	Tower object (132)	2	[{"changed": {"fields": ["Score"]}}]	8	1
201	2025-11-11 17:13:02.784072-08	116	Tower object (116)	2	[{"changed": {"fields": ["Score"]}}]	8	1
202	2025-11-11 17:48:35.011644-08	133	Tower object (133)	2	[{"changed": {"fields": ["Score"]}}]	8	1
203	2025-11-11 17:48:35.013853-08	134	Tower object (134)	2	[{"changed": {"fields": ["Score"]}}]	8	1
204	2025-11-11 17:48:35.014913-08	135	Tower object (135)	2	[{"changed": {"fields": ["Score"]}}]	8	1
205	2025-11-11 17:48:35.015677-08	136	Tower object (136)	2	[{"changed": {"fields": ["Score"]}}]	8	1
206	2025-11-11 17:48:35.016382-08	137	Tower object (137)	2	[{"changed": {"fields": ["Score"]}}]	8	1
207	2025-11-11 17:48:35.017065-08	138	Tower object (138)	2	[{"changed": {"fields": ["Score"]}}]	8	1
208	2025-11-11 17:48:35.017752-08	139	Tower object (139)	2	[{"changed": {"fields": ["Score"]}}]	8	1
209	2025-11-11 17:48:35.01883-08	443	Tower object (443)	2	[{"changed": {"fields": ["Score"]}}]	8	1
210	2025-11-11 17:48:35.019542-08	444	Tower object (444)	2	[{"changed": {"fields": ["Score"]}}]	8	1
211	2025-11-11 17:48:35.020333-08	445	Tower object (445)	2	[{"changed": {"fields": ["Score"]}}]	8	1
212	2025-11-11 17:48:35.021129-08	140	Tower object (140)	2	[{"changed": {"fields": ["Score"]}}]	8	1
213	2025-11-11 17:48:35.022162-08	143	Tower object (143)	2	[{"changed": {"fields": ["Score"]}}]	8	1
214	2025-11-11 17:48:35.023139-08	141	Tower object (141)	2	[{"changed": {"fields": ["Score"]}}]	8	1
215	2025-11-11 17:48:35.023844-08	142	Tower object (142)	2	[{"changed": {"fields": ["Score"]}}]	8	1
216	2025-11-11 17:49:27.430252-08	197	Tower object (197)	2	[{"changed": {"fields": ["Score"]}}]	8	1
217	2025-11-11 17:49:27.432226-08	198	Tower object (198)	2	[{"changed": {"fields": ["Score"]}}]	8	1
218	2025-11-11 17:49:27.433103-08	207	Tower object (207)	2	[{"changed": {"fields": ["Score"]}}]	8	1
219	2025-11-11 17:49:27.433975-08	199	Tower object (199)	2	[{"changed": {"fields": ["Score"]}}]	8	1
220	2025-11-11 17:49:27.43468-08	200	Tower object (200)	2	[{"changed": {"fields": ["Score"]}}]	8	1
221	2025-11-11 17:49:27.435467-08	201	Tower object (201)	2	[{"changed": {"fields": ["Score"]}}]	8	1
222	2025-11-11 17:49:27.436422-08	203	Tower object (203)	2	[{"changed": {"fields": ["Score"]}}]	8	1
223	2025-11-11 17:49:27.437199-08	204	Tower object (204)	2	[{"changed": {"fields": ["Score"]}}]	8	1
224	2025-11-11 17:49:27.437957-08	205	Tower object (205)	2	[{"changed": {"fields": ["Score"]}}]	8	1
225	2025-11-11 17:49:27.438695-08	206	Tower object (206)	2	[{"changed": {"fields": ["Score"]}}]	8	1
226	2025-11-11 17:51:02.575252-08	172	Tower object (172)	2	[{"changed": {"fields": ["Score"]}}]	8	1
227	2025-11-11 17:51:02.57754-08	173	Tower object (173)	2	[{"changed": {"fields": ["Score"]}}]	8	1
228	2025-11-11 17:51:02.578571-08	174	Tower object (174)	2	[{"changed": {"fields": ["Score"]}}]	8	1
229	2025-11-11 17:51:02.579474-08	175	Tower object (175)	2	[{"changed": {"fields": ["Score"]}}]	8	1
230	2025-11-11 17:51:02.580317-08	176	Tower object (176)	2	[{"changed": {"fields": ["Score"]}}]	8	1
231	2025-11-11 17:51:02.581059-08	177	Tower object (177)	2	[{"changed": {"fields": ["Score"]}}]	8	1
232	2025-11-11 17:51:02.581753-08	178	Tower object (178)	2	[{"changed": {"fields": ["Score"]}}]	8	1
233	2025-11-11 17:51:02.5825-08	179	Tower object (179)	2	[{"changed": {"fields": ["Score"]}}]	8	1
234	2025-11-11 17:51:02.583376-08	180	Tower object (180)	2	[{"changed": {"fields": ["Score"]}}]	8	1
235	2025-11-11 17:51:02.584248-08	181	Tower object (181)	2	[{"changed": {"fields": ["Score"]}}]	8	1
236	2025-11-11 17:51:02.585542-08	182	Tower object (182)	2	[{"changed": {"fields": ["Score"]}}]	8	1
237	2025-11-11 17:51:02.586338-08	183	Tower object (183)	2	[{"changed": {"fields": ["Score"]}}]	8	1
238	2025-11-11 17:51:02.587443-08	184	Tower object (184)	2	[{"changed": {"fields": ["Score"]}}]	8	1
239	2025-11-11 17:52:15.639656-08	221	Tower object (221)	2	[{"changed": {"fields": ["Score"]}}]	8	1
240	2025-11-11 17:52:15.642031-08	222	Tower object (222)	2	[{"changed": {"fields": ["Score"]}}]	8	1
241	2025-11-11 17:52:15.642837-08	223	Tower object (223)	2	[{"changed": {"fields": ["Score"]}}]	8	1
242	2025-11-11 17:52:15.643525-08	224	Tower object (224)	2	[{"changed": {"fields": ["Score"]}}]	8	1
243	2025-11-11 17:52:15.644204-08	226	Tower object (226)	2	[{"changed": {"fields": ["Score"]}}]	8	1
244	2025-11-11 17:52:15.644924-08	225	Tower object (225)	2	[{"changed": {"fields": ["Score"]}}]	8	1
245	2025-11-11 17:52:15.645605-08	227	Tower object (227)	2	[{"changed": {"fields": ["Score"]}}]	8	1
246	2025-11-11 17:52:15.646271-08	228	Tower object (228)	2	[{"changed": {"fields": ["Score"]}}]	8	1
247	2025-11-11 17:52:15.647023-08	229	Tower object (229)	2	[{"changed": {"fields": ["Score"]}}]	8	1
248	2025-11-11 17:52:15.647816-08	230	Tower object (230)	2	[{"changed": {"fields": ["Score"]}}]	8	1
249	2025-11-11 17:52:15.649129-08	231	Tower object (231)	2	[{"changed": {"fields": ["Score"]}}]	8	1
250	2025-11-11 17:52:15.650161-08	232	Tower object (232)	2	[{"changed": {"fields": ["Score"]}}]	8	1
251	2025-11-11 17:52:15.650943-08	233	Tower object (233)	2	[{"changed": {"fields": ["Score"]}}]	8	1
252	2025-11-11 17:54:20.291817-08	248	Tower object (248)	2	[{"changed": {"fields": ["Score"]}}]	8	1
253	2025-11-11 17:54:20.294238-08	249	Tower object (249)	2	[{"changed": {"fields": ["Score"]}}]	8	1
254	2025-11-11 17:54:20.29505-08	250	Tower object (250)	2	[{"changed": {"fields": ["Score"]}}]	8	1
255	2025-11-11 17:54:20.296017-08	429	Tower object (429)	2	[{"changed": {"fields": ["Score"]}}]	8	1
256	2025-11-11 17:54:20.296903-08	251	Tower object (251)	2	[{"changed": {"fields": ["Score"]}}]	8	1
257	2025-11-11 17:54:20.297673-08	430	Tower object (430)	2	[{"changed": {"fields": ["Score"]}}]	8	1
258	2025-11-11 17:54:20.298557-08	431	Tower object (431)	2	[{"changed": {"fields": ["Score"]}}]	8	1
259	2025-11-11 17:54:20.29956-08	432	Tower object (432)	2	[{"changed": {"fields": ["Score"]}}]	8	1
260	2025-11-11 17:54:20.300467-08	433	Tower object (433)	2	[{"changed": {"fields": ["Score"]}}]	8	1
261	2025-11-11 17:54:20.301254-08	434	Tower object (434)	2	[{"changed": {"fields": ["Score"]}}]	8	1
262	2025-11-11 17:54:20.302141-08	435	Tower object (435)	2	[{"changed": {"fields": ["Score"]}}]	8	1
263	2025-11-11 17:54:20.303095-08	436	Tower object (436)	2	[{"changed": {"fields": ["Score"]}}]	8	1
264	2025-11-11 17:54:20.304503-08	437	Tower object (437)	2	[{"changed": {"fields": ["Score"]}}]	8	1
265	2025-11-11 17:54:20.305522-08	438	Tower object (438)	2	[{"changed": {"fields": ["Score"]}}]	8	1
266	2025-11-11 17:54:20.30656-08	439	Tower object (439)	2	[{"changed": {"fields": ["Score"]}}]	8	1
267	2025-11-11 17:54:20.307602-08	440	Tower object (440)	2	[{"changed": {"fields": ["Score"]}}]	8	1
268	2025-11-11 17:55:24.807881-08	299	Tower object (299)	2	[{"changed": {"fields": ["Score"]}}]	8	1
269	2025-11-11 17:55:24.809394-08	300	Tower object (300)	2	[{"changed": {"fields": ["Score"]}}]	8	1
270	2025-11-11 17:55:24.810116-08	301	Tower object (301)	2	[{"changed": {"fields": ["Score"]}}]	8	1
271	2025-11-11 17:55:24.810871-08	302	Tower object (302)	2	[{"changed": {"fields": ["Score"]}}]	8	1
272	2025-11-11 17:55:24.811702-08	303	Tower object (303)	2	[{"changed": {"fields": ["Score"]}}]	8	1
273	2025-11-11 17:55:24.812697-08	304	Tower object (304)	2	[{"changed": {"fields": ["Score"]}}]	8	1
274	2025-11-11 17:55:24.81366-08	305	Tower object (305)	2	[{"changed": {"fields": ["Score"]}}]	8	1
275	2025-11-11 17:55:24.814326-08	306	Tower object (306)	2	[{"changed": {"fields": ["Score"]}}]	8	1
276	2025-11-11 17:55:24.815007-08	307	Tower object (307)	2	[{"changed": {"fields": ["Score"]}}]	8	1
277	2025-11-11 17:55:24.815664-08	308	Tower object (308)	2	[{"changed": {"fields": ["Score"]}}]	8	1
278	2025-11-11 17:56:59.666324-08	87	Tower object (87)	2	[{"changed": {"fields": ["Score"]}}]	8	1
279	2025-11-11 17:56:59.668022-08	71	Tower object (71)	2	[{"changed": {"fields": ["Score"]}}]	8	1
280	2025-11-11 17:56:59.668727-08	72	Tower object (72)	2	[{"changed": {"fields": ["Score"]}}]	8	1
281	2025-11-11 17:56:59.669434-08	73	Tower object (73)	2	[{"changed": {"fields": ["Score"]}}]	8	1
282	2025-11-11 17:56:59.670161-08	74	Tower object (74)	2	[{"changed": {"fields": ["Score"]}}]	8	1
283	2025-11-11 17:56:59.67114-08	75	Tower object (75)	2	[{"changed": {"fields": ["Score"]}}]	8	1
284	2025-11-11 17:56:59.671905-08	76	Tower object (76)	2	[{"changed": {"fields": ["Score"]}}]	8	1
285	2025-11-11 17:56:59.672599-08	77	Tower object (77)	2	[{"changed": {"fields": ["Score"]}}]	8	1
286	2025-11-11 17:56:59.673304-08	78	Tower object (78)	2	[{"changed": {"fields": ["Score"]}}]	8	1
287	2025-11-11 17:56:59.674013-08	79	Tower object (79)	2	[{"changed": {"fields": ["Score"]}}]	8	1
288	2025-11-11 17:56:59.674704-08	80	Tower object (80)	2	[{"changed": {"fields": ["Score"]}}]	8	1
289	2025-11-11 17:56:59.675408-08	81	Tower object (81)	2	[{"changed": {"fields": ["Score"]}}]	8	1
290	2025-11-11 17:56:59.676088-08	82	Tower object (82)	2	[{"changed": {"fields": ["Score"]}}]	8	1
291	2025-11-11 17:56:59.676823-08	83	Tower object (83)	2	[{"changed": {"fields": ["Score"]}}]	8	1
292	2025-11-11 17:56:59.678631-08	84	Tower object (84)	2	[{"changed": {"fields": ["Score"]}}]	8	1
293	2025-11-11 17:56:59.679535-08	85	Tower object (85)	2	[{"changed": {"fields": ["Score"]}}]	8	1
294	2025-11-11 17:56:59.680279-08	86	Tower object (86)	2	[{"changed": {"fields": ["Score"]}}]	8	1
295	2025-11-11 17:58:17.686729-08	267	Tower object (267)	2	[{"changed": {"fields": ["Score"]}}]	8	1
296	2025-11-11 17:58:17.688499-08	268	Tower object (268)	2	[{"changed": {"fields": ["Score"]}}]	8	1
297	2025-11-11 17:58:17.689631-08	269	Tower object (269)	2	[{"changed": {"fields": ["Score"]}}]	8	1
298	2025-11-11 17:58:17.690602-08	270	Tower object (270)	2	[{"changed": {"fields": ["Score"]}}]	8	1
299	2025-11-11 17:58:17.691368-08	271	Tower object (271)	2	[{"changed": {"fields": ["Score"]}}]	8	1
300	2025-11-11 17:58:17.692148-08	272	Tower object (272)	2	[{"changed": {"fields": ["Score"]}}]	8	1
301	2025-11-11 17:58:17.693027-08	274	Tower object (274)	2	[{"changed": {"fields": ["Score"]}}]	8	1
302	2025-11-11 17:58:17.693878-08	275	Tower object (275)	2	[{"changed": {"fields": ["Score"]}}]	8	1
303	2025-11-11 17:58:17.694672-08	282	Tower object (282)	2	[{"changed": {"fields": ["Score"]}}]	8	1
304	2025-11-11 17:58:17.69542-08	276	Tower object (276)	2	[{"changed": {"fields": ["Score"]}}]	8	1
305	2025-11-11 17:58:17.696108-08	277	Tower object (277)	2	[{"changed": {"fields": ["Score"]}}]	8	1
306	2025-11-11 17:58:17.69677-08	278	Tower object (278)	2	[{"changed": {"fields": ["Score"]}}]	8	1
307	2025-11-11 17:58:17.697456-08	279	Tower object (279)	2	[{"changed": {"fields": ["Score"]}}]	8	1
308	2025-11-11 17:58:17.698642-08	283	Tower object (283)	2	[{"changed": {"fields": ["Score"]}}]	8	1
309	2025-11-11 17:58:17.699347-08	280	Tower object (280)	2	[{"changed": {"fields": ["Score"]}}]	8	1
310	2025-11-11 17:58:17.700035-08	281	Tower object (281)	2	[{"changed": {"fields": ["Score"]}}]	8	1
311	2025-11-11 17:58:26.476758-08	273	Tower object (273)	2	[{"changed": {"fields": ["Score"]}}]	8	1
312	2025-11-11 17:59:54.655577-08	393	Tower object (393)	2	[{"changed": {"fields": ["Score"]}}]	8	1
313	2025-11-11 17:59:54.657236-08	394	Tower object (394)	2	[{"changed": {"fields": ["Score"]}}]	8	1
314	2025-11-11 17:59:54.658084-08	395	Tower object (395)	2	[{"changed": {"fields": ["Score"]}}]	8	1
315	2025-11-11 17:59:54.658781-08	396	Tower object (396)	2	[{"changed": {"fields": ["Score"]}}]	8	1
316	2025-11-11 17:59:54.659559-08	397	Tower object (397)	2	[{"changed": {"fields": ["Score"]}}]	8	1
317	2025-11-11 17:59:54.66054-08	398	Tower object (398)	2	[{"changed": {"fields": ["Score"]}}]	8	1
318	2025-11-11 17:59:54.661382-08	399	Tower object (399)	2	[{"changed": {"fields": ["Score"]}}]	8	1
319	2025-11-11 17:59:54.662059-08	400	Tower object (400)	2	[{"changed": {"fields": ["Score"]}}]	8	1
320	2025-11-11 17:59:54.662764-08	401	Tower object (401)	2	[{"changed": {"fields": ["Score"]}}]	8	1
321	2025-11-11 17:59:54.663466-08	402	Tower object (402)	2	[{"changed": {"fields": ["Score"]}}]	8	1
322	2025-11-11 17:59:54.664453-08	408	Tower object (408)	2	[{"changed": {"fields": ["Score"]}}]	8	1
323	2025-11-11 17:59:54.665149-08	403	Tower object (403)	2	[{"changed": {"fields": ["Score"]}}]	8	1
324	2025-11-11 17:59:54.66582-08	404	Tower object (404)	2	[{"changed": {"fields": ["Score"]}}]	8	1
325	2025-11-11 17:59:54.666762-08	405	Tower object (405)	2	[{"changed": {"fields": ["Score"]}}]	8	1
326	2025-11-11 17:59:54.667624-08	406	Tower object (406)	2	[{"changed": {"fields": ["Score"]}}]	8	1
327	2025-11-11 17:59:54.668663-08	407	Tower object (407)	2	[{"changed": {"fields": ["Score"]}}]	8	1
328	2025-11-11 18:08:33.422012-08	284	Tower object (284)	2	[{"changed": {"fields": ["Score"]}}]	8	1
329	2025-11-11 18:08:33.424134-08	285	Tower object (285)	2	[{"changed": {"fields": ["Score"]}}]	8	1
330	2025-11-11 18:08:33.42501-08	286	Tower object (286)	2	[{"changed": {"fields": ["Score"]}}]	8	1
331	2025-11-11 18:08:33.425875-08	287	Tower object (287)	2	[{"changed": {"fields": ["Score"]}}]	8	1
332	2025-11-11 18:08:33.426832-08	289	Tower object (289)	2	[{"changed": {"fields": ["Score"]}}]	8	1
333	2025-11-11 18:08:33.427922-08	290	Tower object (290)	2	[{"changed": {"fields": ["Score"]}}]	8	1
334	2025-11-11 18:08:33.428952-08	291	Tower object (291)	2	[{"changed": {"fields": ["Score"]}}]	8	1
335	2025-11-11 18:08:33.4298-08	298	Tower object (298)	2	[{"changed": {"fields": ["Score"]}}]	8	1
336	2025-11-11 18:08:33.430704-08	292	Tower object (292)	2	[{"changed": {"fields": ["Score"]}}]	8	1
337	2025-11-11 18:08:33.431504-08	293	Tower object (293)	2	[{"changed": {"fields": ["Score"]}}]	8	1
338	2025-11-11 18:08:33.432174-08	294	Tower object (294)	2	[{"changed": {"fields": ["Score"]}}]	8	1
339	2025-11-11 18:08:33.43285-08	295	Tower object (295)	2	[{"changed": {"fields": ["Score"]}}]	8	1
340	2025-11-11 18:08:33.433528-08	296	Tower object (296)	2	[{"changed": {"fields": ["Score"]}}]	8	1
341	2025-11-11 18:08:33.434222-08	297	Tower object (297)	2	[{"changed": {"fields": ["Score"]}}]	8	1
342	2025-11-11 18:08:42.355772-08	288	Tower object (288)	2	[{"changed": {"fields": ["Score"]}}]	8	1
343	2025-11-11 18:10:31.71215-08	309	Tower object (309)	2	[{"changed": {"fields": ["Score"]}}]	8	1
344	2025-11-11 18:10:31.713784-08	310	Tower object (310)	2	[{"changed": {"fields": ["Score"]}}]	8	1
345	2025-11-11 18:10:31.714598-08	311	Tower object (311)	2	[{"changed": {"fields": ["Score"]}}]	8	1
346	2025-11-11 18:10:31.715274-08	312	Tower object (312)	2	[{"changed": {"fields": ["Score"]}}]	8	1
347	2025-11-11 18:10:31.716026-08	313	Tower object (313)	2	[{"changed": {"fields": ["Score"]}}]	8	1
348	2025-11-11 18:10:31.71691-08	314	Tower object (314)	2	[{"changed": {"fields": ["Score"]}}]	8	1
349	2025-11-11 18:10:31.717699-08	315	Tower object (315)	2	[{"changed": {"fields": ["Score"]}}]	8	1
350	2025-11-11 18:10:31.718483-08	316	Tower object (316)	2	[{"changed": {"fields": ["Score"]}}]	8	1
351	2025-11-11 18:10:31.719175-08	317	Tower object (317)	2	[{"changed": {"fields": ["Score"]}}]	8	1
352	2025-11-11 18:10:31.71994-08	324	Tower object (324)	2	[{"changed": {"fields": ["Score"]}}]	8	1
353	2025-11-11 18:10:31.720623-08	318	Tower object (318)	2	[{"changed": {"fields": ["Score"]}}]	8	1
354	2025-11-11 18:10:31.72135-08	319	Tower object (319)	2	[{"changed": {"fields": ["Score"]}}]	8	1
355	2025-11-11 18:10:31.722015-08	320	Tower object (320)	2	[{"changed": {"fields": ["Score"]}}]	8	1
356	2025-11-11 18:10:31.722653-08	321	Tower object (321)	2	[{"changed": {"fields": ["Score"]}}]	8	1
357	2025-11-11 18:10:31.723451-08	322	Tower object (322)	2	[{"changed": {"fields": ["Score"]}}]	8	1
358	2025-11-11 18:10:31.724163-08	323	Tower object (323)	2	[{"changed": {"fields": ["Score"]}}]	8	1
359	2025-11-11 18:11:49.030672-08	325	Tower object (325)	2	[{"changed": {"fields": ["Score"]}}]	8	1
360	2025-11-11 18:11:49.032969-08	326	Tower object (326)	2	[{"changed": {"fields": ["Score"]}}]	8	1
361	2025-11-11 18:11:49.033838-08	327	Tower object (327)	2	[{"changed": {"fields": ["Score"]}}]	8	1
362	2025-11-11 18:11:49.034683-08	328	Tower object (328)	2	[{"changed": {"fields": ["Score"]}}]	8	1
363	2025-11-11 18:11:49.035454-08	329	Tower object (329)	2	[{"changed": {"fields": ["Score"]}}]	8	1
364	2025-11-11 18:11:49.036172-08	330	Tower object (330)	2	[{"changed": {"fields": ["Score"]}}]	8	1
365	2025-11-11 18:11:49.036858-08	331	Tower object (331)	2	[{"changed": {"fields": ["Score"]}}]	8	1
366	2025-11-11 18:11:49.037551-08	333	Tower object (333)	2	[{"changed": {"fields": ["Score"]}}]	8	1
367	2025-11-11 18:11:49.038378-08	335	Tower object (335)	2	[{"changed": {"fields": ["Score"]}}]	8	1
368	2025-11-11 18:11:49.039182-08	336	Tower object (336)	2	[{"changed": {"fields": ["Score"]}}]	8	1
369	2025-11-11 18:11:49.039934-08	338	Tower object (338)	2	[{"changed": {"fields": ["Score"]}}]	8	1
370	2025-11-11 18:11:49.04073-08	345	Tower object (345)	2	[{"changed": {"fields": ["Score"]}}]	8	1
371	2025-11-11 18:11:49.041748-08	339	Tower object (339)	2	[{"changed": {"fields": ["Score"]}}]	8	1
372	2025-11-11 18:11:49.04245-08	340	Tower object (340)	2	[{"changed": {"fields": ["Score"]}}]	8	1
373	2025-11-11 18:11:49.043261-08	342	Tower object (342)	2	[{"changed": {"fields": ["Score"]}}]	8	1
374	2025-11-11 18:13:03.69702-08	332	Tower object (332)	2	[{"changed": {"fields": ["Score"]}}]	8	1
375	2025-11-11 18:13:03.698761-08	334	Tower object (334)	2	[{"changed": {"fields": ["Score"]}}]	8	1
376	2025-11-11 18:13:03.699909-08	337	Tower object (337)	2	[{"changed": {"fields": ["Score"]}}]	8	1
377	2025-11-11 18:13:03.700797-08	341	Tower object (341)	2	[{"changed": {"fields": ["Score"]}}]	8	1
378	2025-11-11 18:13:03.70156-08	343	Tower object (343)	2	[{"changed": {"fields": ["Score"]}}]	8	1
379	2025-11-11 18:13:03.702429-08	344	Tower object (344)	2	[{"changed": {"fields": ["Score"]}}]	8	1
380	2025-11-11 18:13:03.703352-08	346	Tower object (346)	2	[{"changed": {"fields": ["Score"]}}]	8	1
381	2025-11-11 18:13:03.704032-08	347	Tower object (347)	2	[{"changed": {"fields": ["Score"]}}]	8	1
382	2025-11-11 18:13:03.704667-08	348	Tower object (348)	2	[{"changed": {"fields": ["Score"]}}]	8	1
383	2025-11-11 18:13:03.705329-08	356	Tower object (356)	2	[{"changed": {"fields": ["Score"]}}]	8	1
384	2025-11-11 18:13:03.705982-08	349	Tower object (349)	2	[{"changed": {"fields": ["Score"]}}]	8	1
385	2025-11-11 18:13:03.706957-08	350	Tower object (350)	2	[{"changed": {"fields": ["Score"]}}]	8	1
386	2025-11-11 18:13:03.707935-08	351	Tower object (351)	2	[{"changed": {"fields": ["Score"]}}]	8	1
387	2025-11-11 18:13:03.708684-08	352	Tower object (352)	2	[{"changed": {"fields": ["Score"]}}]	8	1
388	2025-11-11 18:13:03.709543-08	354	Tower object (354)	2	[{"changed": {"fields": ["Score"]}}]	8	1
389	2025-11-11 18:14:08.974414-08	353	Tower object (353)	2	[{"changed": {"fields": ["Score"]}}]	8	1
390	2025-11-11 18:14:08.97652-08	355	Tower object (355)	2	[{"changed": {"fields": ["Score"]}}]	8	1
391	2025-11-11 18:14:08.977356-08	357	Tower object (357)	2	[{"changed": {"fields": ["Score"]}}]	8	1
392	2025-11-11 18:14:08.978061-08	358	Tower object (358)	2	[{"changed": {"fields": ["Score"]}}]	8	1
393	2025-11-11 18:14:08.978762-08	362	Tower object (362)	2	[{"changed": {"fields": ["Score"]}}]	8	1
394	2025-11-11 18:14:08.979425-08	376	Tower object (376)	2	[{"changed": {"fields": ["Score"]}}]	8	1
395	2025-11-11 18:14:08.980069-08	364	Tower object (364)	2	[{"changed": {"fields": ["Score"]}}]	8	1
396	2025-11-11 18:14:08.980698-08	365	Tower object (365)	2	[{"changed": {"fields": ["Score"]}}]	8	1
397	2025-11-11 18:14:08.981445-08	366	Tower object (366)	2	[{"changed": {"fields": ["Score"]}}]	8	1
398	2025-11-11 18:14:08.982277-08	370	Tower object (370)	2	[{"changed": {"fields": ["Score"]}}]	8	1
399	2025-11-11 18:14:08.983635-08	371	Tower object (371)	2	[{"changed": {"fields": ["Score"]}}]	8	1
400	2025-11-11 18:14:08.984555-08	372	Tower object (372)	2	[{"changed": {"fields": ["Score"]}}]	8	1
401	2025-11-11 18:14:08.98527-08	374	Tower object (374)	2	[{"changed": {"fields": ["Score"]}}]	8	1
402	2025-11-11 18:14:15.776089-08	360	Tower object (360)	2	[{"changed": {"fields": ["Score"]}}]	8	1
403	2025-11-11 18:15:19.850387-08	359	Tower object (359)	2	[{"changed": {"fields": ["Score"]}}]	8	1
404	2025-11-11 18:15:19.85233-08	361	Tower object (361)	2	[{"changed": {"fields": ["Score"]}}]	8	1
405	2025-11-11 18:15:19.853478-08	363	Tower object (363)	2	[{"changed": {"fields": ["Score"]}}]	8	1
406	2025-11-11 18:15:19.854419-08	367	Tower object (367)	2	[{"changed": {"fields": ["Score"]}}]	8	1
407	2025-11-11 18:15:19.855294-08	368	Tower object (368)	2	[{"changed": {"fields": ["Score"]}}]	8	1
408	2025-11-11 18:15:19.856163-08	369	Tower object (369)	2	[{"changed": {"fields": ["Score"]}}]	8	1
409	2025-11-11 18:15:19.857726-08	373	Tower object (373)	2	[{"changed": {"fields": ["Score"]}}]	8	1
410	2025-11-11 18:15:19.858439-08	375	Tower object (375)	2	[{"changed": {"fields": ["Score"]}}]	8	1
411	2025-11-11 18:15:19.859136-08	409	Tower object (409)	2	[{"changed": {"fields": ["Score"]}}]	8	1
412	2025-11-11 18:15:19.859861-08	410	Tower object (410)	2	[{"changed": {"fields": ["Score"]}}]	8	1
413	2025-11-11 18:15:19.860591-08	411	Tower object (411)	2	[{"changed": {"fields": ["Score"]}}]	8	1
414	2025-11-11 18:15:19.86132-08	412	Tower object (412)	2	[{"changed": {"fields": ["Score"]}}]	8	1
415	2025-11-11 18:15:19.862142-08	415	Tower object (415)	2	[{"changed": {"fields": ["Score"]}}]	8	1
416	2025-11-11 18:15:19.862861-08	413	Tower object (413)	2	[{"changed": {"fields": ["Score"]}}]	8	1
417	2025-11-11 18:15:19.863813-08	414	Tower object (414)	2	[{"changed": {"fields": ["Score"]}}]	8	1
418	2025-11-11 18:16:43.551002-08	377	Tower object (377)	2	[{"changed": {"fields": ["Score"]}}]	8	1
419	2025-11-11 18:16:43.552683-08	378	Tower object (378)	2	[{"changed": {"fields": ["Score"]}}]	8	1
420	2025-11-11 18:16:43.553503-08	379	Tower object (379)	2	[{"changed": {"fields": ["Score"]}}]	8	1
421	2025-11-11 18:16:43.554233-08	380	Tower object (380)	2	[{"changed": {"fields": ["Score"]}}]	8	1
422	2025-11-11 18:16:43.554895-08	381	Tower object (381)	2	[{"changed": {"fields": ["Score"]}}]	8	1
423	2025-11-11 18:16:43.555833-08	382	Tower object (382)	2	[{"changed": {"fields": ["Score"]}}]	8	1
424	2025-11-11 18:16:43.557023-08	383	Tower object (383)	2	[{"changed": {"fields": ["Score"]}}]	8	1
425	2025-11-11 18:16:43.557869-08	384	Tower object (384)	2	[{"changed": {"fields": ["Score"]}}]	8	1
426	2025-11-11 18:16:43.558655-08	385	Tower object (385)	2	[{"changed": {"fields": ["Score"]}}]	8	1
427	2025-11-11 18:16:43.559459-08	386	Tower object (386)	2	[{"changed": {"fields": ["Score"]}}]	8	1
428	2025-11-11 18:16:43.560277-08	392	Tower object (392)	2	[{"changed": {"fields": ["Score"]}}]	8	1
429	2025-11-11 18:16:43.561048-08	387	Tower object (387)	2	[{"changed": {"fields": ["Score"]}}]	8	1
430	2025-11-11 18:16:43.561762-08	388	Tower object (388)	2	[{"changed": {"fields": ["Score"]}}]	8	1
431	2025-11-11 18:16:43.562661-08	389	Tower object (389)	2	[{"changed": {"fields": ["Score"]}}]	8	1
432	2025-11-11 18:16:43.56367-08	390	Tower object (390)	2	[{"changed": {"fields": ["Score"]}}]	8	1
433	2025-11-11 18:16:43.564993-08	391	Tower object (391)	2	[{"changed": {"fields": ["Score"]}}]	8	1
434	2025-11-11 18:19:38.136103-08	55	Tower object (55)	2	[{"changed": {"fields": ["Score"]}}]	8	1
435	2025-11-11 18:19:38.13819-08	56	Tower object (56)	2	[{"changed": {"fields": ["Score"]}}]	8	1
436	2025-11-11 18:19:38.138937-08	57	Tower object (57)	2	[{"changed": {"fields": ["Score"]}}]	8	1
437	2025-11-11 18:19:38.139815-08	58	Tower object (58)	2	[{"changed": {"fields": ["Score"]}}]	8	1
438	2025-11-11 18:19:38.14058-08	59	Tower object (59)	2	[{"changed": {"fields": ["Score"]}}]	8	1
439	2025-11-11 18:19:38.141423-08	60	Tower object (60)	2	[{"changed": {"fields": ["Score"]}}]	8	1
440	2025-11-11 18:19:38.142143-08	61	Tower object (61)	2	[{"changed": {"fields": ["Score"]}}]	8	1
441	2025-11-11 18:19:38.142988-08	62	Tower object (62)	2	[{"changed": {"fields": ["Score"]}}]	8	1
442	2025-11-11 18:19:38.143935-08	63	Tower object (63)	2	[{"changed": {"fields": ["Score"]}}]	8	1
443	2025-11-11 18:19:38.144702-08	64	Tower object (64)	2	[{"changed": {"fields": ["Score"]}}]	8	1
444	2025-11-11 18:19:38.14559-08	70	Tower object (70)	2	[{"changed": {"fields": ["Score"]}}]	8	1
445	2025-11-11 18:19:38.146285-08	65	Tower object (65)	2	[{"changed": {"fields": ["Score"]}}]	8	1
446	2025-11-11 18:19:38.146981-08	66	Tower object (66)	2	[{"changed": {"fields": ["Score"]}}]	8	1
447	2025-11-11 18:19:38.148205-08	67	Tower object (67)	2	[{"changed": {"fields": ["Score"]}}]	8	1
448	2025-11-11 18:19:38.148974-08	68	Tower object (68)	2	[{"changed": {"fields": ["Score"]}}]	8	1
449	2025-11-11 18:19:38.149789-08	69	Tower object (69)	2	[{"changed": {"fields": ["Score"]}}]	8	1
450	2025-11-11 18:19:44.930381-08	54	Tower object (54)	2	[{"changed": {"fields": ["Score"]}}]	8	1
451	2025-11-11 18:23:35.350069-08	143	Tower object (143)	2	[{"changed": {"fields": ["Type"]}}]	8	1
452	2025-11-11 18:24:07.478652-08	101	Tower object (101)	2	[{"changed": {"fields": ["Type"]}}]	8	1
453	2025-11-11 18:24:16.827924-08	117	Tower object (117)	2	[{"changed": {"fields": ["Type"]}}]	8	1
454	2025-11-11 18:24:43.138153-08	87	Tower object (87)	2	[{"changed": {"fields": ["Type"]}}]	8	1
455	2025-11-11 18:24:43.140338-08	114	Tower object (114)	2	[{"changed": {"fields": ["Type"]}}]	8	1
456	2025-11-11 18:24:43.141016-08	155	Tower object (155)	2	[{"changed": {"fields": ["Type"]}}]	8	1
457	2025-11-11 18:24:43.141724-08	170	Tower object (170)	2	[{"changed": {"fields": ["Type"]}}]	8	1
458	2025-11-11 18:24:43.142546-08	195	Tower object (195)	2	[{"changed": {"fields": ["Type"]}}]	8	1
459	2025-11-11 18:24:43.143292-08	219	Tower object (219)	2	[{"changed": {"fields": ["Type"]}}]	8	1
460	2025-11-11 18:24:43.144-08	427	Tower object (427)	2	[{"changed": {"fields": ["Type"]}}]	8	1
461	2025-11-11 18:24:43.144766-08	282	Tower object (282)	2	[{"changed": {"fields": ["Type"]}}]	8	1
462	2025-11-11 18:28:38.954608-08	455	Tower object (455)	2	[{"changed": {"fields": ["Score"]}}]	8	1
463	2025-11-11 18:28:38.956479-08	456	Tower object (456)	2	[{"changed": {"fields": ["Score"]}}]	8	1
464	2025-11-11 18:28:38.95719-08	457	Tower object (457)	2	[{"changed": {"fields": ["Score"]}}]	8	1
465	2025-11-11 18:28:38.958186-08	446	Tower object (446)	2	[{"changed": {"fields": ["Score"]}}]	8	1
466	2025-11-11 18:28:38.959083-08	447	Tower object (447)	2	[{"changed": {"fields": ["Score"]}}]	8	1
467	2025-11-11 18:28:38.959861-08	448	Tower object (448)	2	[{"changed": {"fields": ["Score"]}}]	8	1
468	2025-11-11 18:28:38.960696-08	449	Tower object (449)	2	[{"changed": {"fields": ["Score"]}}]	8	1
469	2025-11-11 18:28:38.961824-08	450	Tower object (450)	2	[{"changed": {"fields": ["Score"]}}]	8	1
470	2025-11-11 18:28:38.962837-08	451	Tower object (451)	2	[{"changed": {"fields": ["Score"]}}]	8	1
471	2025-11-11 18:28:38.96388-08	453	Tower object (453)	2	[{"changed": {"fields": ["Type", "Score"]}}]	8	1
472	2025-11-11 18:28:38.964712-08	454	Tower object (454)	2	[{"changed": {"fields": ["Score"]}}]	8	1
473	2025-11-11 18:28:38.965497-08	452	Tower object (452)	2	[{"changed": {"fields": ["Score"]}}]	8	1
474	2025-11-14 18:12:28.094551-08	1	IronBlockz's Profile	2	[{"changed": {"fields": ["Complete towers"]}}]	11	1
475	2025-11-14 18:12:33.138032-08	1	IronBlockz's Profile	2	[{"changed": {"fields": ["Complete towers"]}}]	11	1
476	2025-11-14 18:12:43.960411-08	1	IronBlockz's Profile	2	[{"changed": {"fields": ["Complete towers"]}}]	11	1
477	2025-11-15 15:20:58.81786-08	233	Tower object (233)	2	[{"changed": {"fields": ["Name"]}}]	8	1
478	2025-11-15 15:22:12.006091-08	176	Tower object (176)	2	[{"changed": {"fields": ["Name"]}}]	8	1
\.


--
-- Data for Name: django_content_type; Type: TABLE DATA; Schema: public; Owner: postgres
--

COPY public.django_content_type (id, app_label, model) FROM stdin;
1	admin	logentry
2	auth	permission
3	auth	group
4	auth	user
5	contenttypes	contenttype
6	sessions	session
7	api	area
8	api	tower
9	api	creator
10	api	badge
11	api	profile
\.


--
-- Data for Name: django_migrations; Type: TABLE DATA; Schema: public; Owner: postgres
--

COPY public.django_migrations (id, app, name, applied) FROM stdin;
1	contenttypes	0001_initial	2025-11-09 11:06:33.528759-08
2	auth	0001_initial	2025-11-09 11:06:33.587482-08
3	admin	0001_initial	2025-11-09 11:06:33.604998-08
4	admin	0002_logentry_remove_auto_add	2025-11-09 11:06:33.609348-08
5	admin	0003_logentry_add_action_flag_choices	2025-11-09 11:06:33.613756-08
6	api	0001_initial	2025-11-09 11:06:33.630302-08
7	contenttypes	0002_remove_content_type_name	2025-11-09 11:06:33.64301-08
8	auth	0002_alter_permission_name_max_length	2025-11-09 11:06:33.648042-08
9	auth	0003_alter_user_email_max_length	2025-11-09 11:06:33.652866-08
10	auth	0004_alter_user_username_opts	2025-11-09 11:06:33.656603-08
11	auth	0005_alter_user_last_login_null	2025-11-09 11:06:33.661466-08
12	auth	0006_require_contenttypes_0002	2025-11-09 11:06:33.662145-08
13	auth	0007_alter_validators_add_error_messages	2025-11-09 11:06:33.666114-08
14	auth	0008_alter_user_username_max_length	2025-11-09 11:06:33.673695-08
15	auth	0009_alter_user_last_name_max_length	2025-11-09 11:06:33.677767-08
16	auth	0010_alter_group_name_max_length	2025-11-09 11:06:33.682891-08
17	auth	0011_update_proxy_permissions	2025-11-09 11:06:33.687499-08
18	auth	0012_alter_user_first_name_max_length	2025-11-09 11:06:33.691991-08
19	sessions	0001_initial	2025-11-09 11:06:33.699012-08
20	api	0002_alter_tower_difficulty	2025-11-11 13:22:18.224245-08
21	api	0003_tower_diff_category_alter_tower_type	2025-11-12 12:44:05.627758-08
22	api	0004_creator_tower_creators_m2m	2025-11-12 13:05:04.74827-08
23	api	0005_remove_tower_creators	2025-11-12 14:34:34.365994-08
24	api	0006_badge_alter_tower_score_tower_badge_profile	2025-11-14 17:54:32.089033-08
25	api	0007_profile_roblox_user_id_profile_user	2025-11-14 17:54:32.101881-08
26	api	0008_rename_badge_id_badge_id_badge_name	2025-11-15 14:53:33.808452-08
\.


--
-- Data for Name: django_session; Type: TABLE DATA; Schema: public; Owner: postgres
--

COPY public.django_session (session_key, session_data, expire_date) FROM stdin;
mjcyho4jxl5prjvpkxrx4cvl9ac9n12m	.eJxVjMsOgjAUBf-layW0FlpcaozxbTSSyIbcW1pBhEaKG43_LhoXuj0zZx4khVubpzenm7TIyJBQ0vvdEFSp6zfIzlCfrKds3TYFem_F-1LnrWymL6Ov-xfIweXdmwlJA99o4CzCAccI0HCmBIfQNwNQBoOQSyMph4hKEIZqUJJlRkgMjGRd1H6iroVWd8FNuca4H6fz613gUs22o_A4TiaLXZG4_RVmfgwWG6ym1YE8X3P9THg:1vIBsv:i1RflkRzHYR88uQCBaTTFp07_QYCtW08QtTO6EhEo1U	2025-11-23 12:19:37.379303-08
kp3b3qea65vozyuf9wtsvo1sm7ytf9s8	.eJxVjMsOgjAQRf-layW2FDq4050IxkfilkwfI6CBBIqaGP9dNC50e88958EKHHxZDL3risqyOeNs8rtpNGfXvIGtsTm1gWkb31U6eF-CL-2DvLXusvx-_wIl9uVoCwU8mpFDKRIdSp2gJimMkhjPKERDOoolEHCJCQdUxB0aEJYU6IhAjNH2E-09ejcGVR0pPhq3_cmkU9pwe9ht6b48r646rRcQ5xeeSZ8d18CeL1r3SzM:1vK5Wk:ZGTIV8fWQ3mYd4A3Pjf6M4ZsaDi3lmo3NZUItlTVCO8	2025-11-28 17:56:34.796891-08
\.


--
-- Name: api_area_id_seq; Type: SEQUENCE SET; Schema: public; Owner: postgres
--

SELECT pg_catalog.setval('public.api_area_id_seq', 28, true);


--
-- Name: api_creator_id_seq; Type: SEQUENCE SET; Schema: public; Owner: postgres
--

SELECT pg_catalog.setval('public.api_creator_id_seq', 283, true);


--
-- Name: api_profile_complete_towers_id_seq; Type: SEQUENCE SET; Schema: public; Owner: postgres
--

SELECT pg_catalog.setval('public.api_profile_complete_towers_id_seq', 3, true);


--
-- Name: api_profile_id_seq; Type: SEQUENCE SET; Schema: public; Owner: postgres
--

SELECT pg_catalog.setval('public.api_profile_id_seq', 1, true);


--
-- Name: api_tower_creators_m2m_id_seq; Type: SEQUENCE SET; Schema: public; Owner: postgres
--

SELECT pg_catalog.setval('public.api_tower_creators_m2m_id_seq', 688, true);


--
-- Name: api_tower_id_seq; Type: SEQUENCE SET; Schema: public; Owner: postgres
--

SELECT pg_catalog.setval('public.api_tower_id_seq', 457, true);


--
-- Name: auth_group_id_seq; Type: SEQUENCE SET; Schema: public; Owner: postgres
--

SELECT pg_catalog.setval('public.auth_group_id_seq', 1, false);


--
-- Name: auth_group_permissions_id_seq; Type: SEQUENCE SET; Schema: public; Owner: postgres
--

SELECT pg_catalog.setval('public.auth_group_permissions_id_seq', 1, false);


--
-- Name: auth_permission_id_seq; Type: SEQUENCE SET; Schema: public; Owner: postgres
--

SELECT pg_catalog.setval('public.auth_permission_id_seq', 44, true);


--
-- Name: auth_user_groups_id_seq; Type: SEQUENCE SET; Schema: public; Owner: postgres
--

SELECT pg_catalog.setval('public.auth_user_groups_id_seq', 1, false);


--
-- Name: auth_user_id_seq; Type: SEQUENCE SET; Schema: public; Owner: postgres
--

SELECT pg_catalog.setval('public.auth_user_id_seq', 2, true);


--
-- Name: auth_user_user_permissions_id_seq; Type: SEQUENCE SET; Schema: public; Owner: postgres
--

SELECT pg_catalog.setval('public.auth_user_user_permissions_id_seq', 1, false);


--
-- Name: django_admin_log_id_seq; Type: SEQUENCE SET; Schema: public; Owner: postgres
--

SELECT pg_catalog.setval('public.django_admin_log_id_seq', 478, true);


--
-- Name: django_content_type_id_seq; Type: SEQUENCE SET; Schema: public; Owner: postgres
--

SELECT pg_catalog.setval('public.django_content_type_id_seq', 11, true);


--
-- Name: django_migrations_id_seq; Type: SEQUENCE SET; Schema: public; Owner: postgres
--

SELECT pg_catalog.setval('public.django_migrations_id_seq', 26, true);


--
-- Name: api_area api_area_name_key; Type: CONSTRAINT; Schema: public; Owner: postgres
--

ALTER TABLE ONLY public.api_area
    ADD CONSTRAINT api_area_name_key UNIQUE (name);


--
-- Name: api_area api_area_pkey; Type: CONSTRAINT; Schema: public; Owner: postgres
--

ALTER TABLE ONLY public.api_area
    ADD CONSTRAINT api_area_pkey PRIMARY KEY (id);


--
-- Name: api_badge api_badge_pkey; Type: CONSTRAINT; Schema: public; Owner: postgres
--

ALTER TABLE ONLY public.api_badge
    ADD CONSTRAINT api_badge_pkey PRIMARY KEY (id);


--
-- Name: api_creator api_creator_name_key; Type: CONSTRAINT; Schema: public; Owner: postgres
--

ALTER TABLE ONLY public.api_creator
    ADD CONSTRAINT api_creator_name_key UNIQUE (name);


--
-- Name: api_creator api_creator_pkey; Type: CONSTRAINT; Schema: public; Owner: postgres
--

ALTER TABLE ONLY public.api_creator
    ADD CONSTRAINT api_creator_pkey PRIMARY KEY (id);


--
-- Name: api_profile_complete_towers api_profile_complete_towers_pkey; Type: CONSTRAINT; Schema: public; Owner: postgres
--

ALTER TABLE ONLY public.api_profile_complete_towers
    ADD CONSTRAINT api_profile_complete_towers_pkey PRIMARY KEY (id);


--
-- Name: api_profile_complete_towers api_profile_complete_towers_profile_id_tower_id_51604ea5_uniq; Type: CONSTRAINT; Schema: public; Owner: postgres
--

ALTER TABLE ONLY public.api_profile_complete_towers
    ADD CONSTRAINT api_profile_complete_towers_profile_id_tower_id_51604ea5_uniq UNIQUE (profile_id, tower_id);


--
-- Name: api_profile api_profile_pkey; Type: CONSTRAINT; Schema: public; Owner: postgres
--

ALTER TABLE ONLY public.api_profile
    ADD CONSTRAINT api_profile_pkey PRIMARY KEY (id);


--
-- Name: api_profile api_profile_roblox_user_id_key; Type: CONSTRAINT; Schema: public; Owner: postgres
--

ALTER TABLE ONLY public.api_profile
    ADD CONSTRAINT api_profile_roblox_user_id_key UNIQUE (roblox_user_id);


--
-- Name: api_profile api_profile_user_id_key; Type: CONSTRAINT; Schema: public; Owner: postgres
--

ALTER TABLE ONLY public.api_profile
    ADD CONSTRAINT api_profile_user_id_key UNIQUE (user_id);


--
-- Name: api_tower_creators_m2m api_tower_creators_m2m_pkey; Type: CONSTRAINT; Schema: public; Owner: postgres
--

ALTER TABLE ONLY public.api_tower_creators_m2m
    ADD CONSTRAINT api_tower_creators_m2m_pkey PRIMARY KEY (id);


--
-- Name: api_tower_creators_m2m api_tower_creators_m2m_tower_id_creator_id_3f63dec3_uniq; Type: CONSTRAINT; Schema: public; Owner: postgres
--

ALTER TABLE ONLY public.api_tower_creators_m2m
    ADD CONSTRAINT api_tower_creators_m2m_tower_id_creator_id_3f63dec3_uniq UNIQUE (tower_id, creator_id);


--
-- Name: api_tower api_tower_pkey; Type: CONSTRAINT; Schema: public; Owner: postgres
--

ALTER TABLE ONLY public.api_tower
    ADD CONSTRAINT api_tower_pkey PRIMARY KEY (id);


--
-- Name: auth_group auth_group_name_key; Type: CONSTRAINT; Schema: public; Owner: postgres
--

ALTER TABLE ONLY public.auth_group
    ADD CONSTRAINT auth_group_name_key UNIQUE (name);


--
-- Name: auth_group_permissions auth_group_permissions_group_id_permission_id_0cd325b0_uniq; Type: CONSTRAINT; Schema: public; Owner: postgres
--

ALTER TABLE ONLY public.auth_group_permissions
    ADD CONSTRAINT auth_group_permissions_group_id_permission_id_0cd325b0_uniq UNIQUE (group_id, permission_id);


--
-- Name: auth_group_permissions auth_group_permissions_pkey; Type: CONSTRAINT; Schema: public; Owner: postgres
--

ALTER TABLE ONLY public.auth_group_permissions
    ADD CONSTRAINT auth_group_permissions_pkey PRIMARY KEY (id);


--
-- Name: auth_group auth_group_pkey; Type: CONSTRAINT; Schema: public; Owner: postgres
--

ALTER TABLE ONLY public.auth_group
    ADD CONSTRAINT auth_group_pkey PRIMARY KEY (id);


--
-- Name: auth_permission auth_permission_content_type_id_codename_01ab375a_uniq; Type: CONSTRAINT; Schema: public; Owner: postgres
--

ALTER TABLE ONLY public.auth_permission
    ADD CONSTRAINT auth_permission_content_type_id_codename_01ab375a_uniq UNIQUE (content_type_id, codename);


--
-- Name: auth_permission auth_permission_pkey; Type: CONSTRAINT; Schema: public; Owner: postgres
--

ALTER TABLE ONLY public.auth_permission
    ADD CONSTRAINT auth_permission_pkey PRIMARY KEY (id);


--
-- Name: auth_user_groups auth_user_groups_pkey; Type: CONSTRAINT; Schema: public; Owner: postgres
--

ALTER TABLE ONLY public.auth_user_groups
    ADD CONSTRAINT auth_user_groups_pkey PRIMARY KEY (id);


--
-- Name: auth_user_groups auth_user_groups_user_id_group_id_94350c0c_uniq; Type: CONSTRAINT; Schema: public; Owner: postgres
--

ALTER TABLE ONLY public.auth_user_groups
    ADD CONSTRAINT auth_user_groups_user_id_group_id_94350c0c_uniq UNIQUE (user_id, group_id);


--
-- Name: auth_user auth_user_pkey; Type: CONSTRAINT; Schema: public; Owner: postgres
--

ALTER TABLE ONLY public.auth_user
    ADD CONSTRAINT auth_user_pkey PRIMARY KEY (id);


--
-- Name: auth_user_user_permissions auth_user_user_permissions_pkey; Type: CONSTRAINT; Schema: public; Owner: postgres
--

ALTER TABLE ONLY public.auth_user_user_permissions
    ADD CONSTRAINT auth_user_user_permissions_pkey PRIMARY KEY (id);


--
-- Name: auth_user_user_permissions auth_user_user_permissions_user_id_permission_id_14a6b632_uniq; Type: CONSTRAINT; Schema: public; Owner: postgres
--

ALTER TABLE ONLY public.auth_user_user_permissions
    ADD CONSTRAINT auth_user_user_permissions_user_id_permission_id_14a6b632_uniq UNIQUE (user_id, permission_id);


--
-- Name: auth_user auth_user_username_key; Type: CONSTRAINT; Schema: public; Owner: postgres
--

ALTER TABLE ONLY public.auth_user
    ADD CONSTRAINT auth_user_username_key UNIQUE (username);


--
-- Name: django_admin_log django_admin_log_pkey; Type: CONSTRAINT; Schema: public; Owner: postgres
--

ALTER TABLE ONLY public.django_admin_log
    ADD CONSTRAINT django_admin_log_pkey PRIMARY KEY (id);


--
-- Name: django_content_type django_content_type_app_label_model_76bd3d3b_uniq; Type: CONSTRAINT; Schema: public; Owner: postgres
--

ALTER TABLE ONLY public.django_content_type
    ADD CONSTRAINT django_content_type_app_label_model_76bd3d3b_uniq UNIQUE (app_label, model);


--
-- Name: django_content_type django_content_type_pkey; Type: CONSTRAINT; Schema: public; Owner: postgres
--

ALTER TABLE ONLY public.django_content_type
    ADD CONSTRAINT django_content_type_pkey PRIMARY KEY (id);


--
-- Name: django_migrations django_migrations_pkey; Type: CONSTRAINT; Schema: public; Owner: postgres
--

ALTER TABLE ONLY public.django_migrations
    ADD CONSTRAINT django_migrations_pkey PRIMARY KEY (id);


--
-- Name: django_session django_session_pkey; Type: CONSTRAINT; Schema: public; Owner: postgres
--

ALTER TABLE ONLY public.django_session
    ADD CONSTRAINT django_session_pkey PRIMARY KEY (session_key);


--
-- Name: api_area_name_e2a73b20_like; Type: INDEX; Schema: public; Owner: postgres
--

CREATE INDEX api_area_name_e2a73b20_like ON public.api_area USING btree (name varchar_pattern_ops);


--
-- Name: api_creator_name_fbaa7216_like; Type: INDEX; Schema: public; Owner: postgres
--

CREATE INDEX api_creator_name_fbaa7216_like ON public.api_creator USING btree (name varchar_pattern_ops);


--
-- Name: api_profile_complete_towers_profile_id_4c214f91; Type: INDEX; Schema: public; Owner: postgres
--

CREATE INDEX api_profile_complete_towers_profile_id_4c214f91 ON public.api_profile_complete_towers USING btree (profile_id);


--
-- Name: api_profile_complete_towers_tower_id_16cccf04; Type: INDEX; Schema: public; Owner: postgres
--

CREATE INDEX api_profile_complete_towers_tower_id_16cccf04 ON public.api_profile_complete_towers USING btree (tower_id);


--
-- Name: api_tower_area_id_7a7df0a3; Type: INDEX; Schema: public; Owner: postgres
--

CREATE INDEX api_tower_area_id_7a7df0a3 ON public.api_tower USING btree (area_id);


--
-- Name: api_tower_badge_id_0d3c748c; Type: INDEX; Schema: public; Owner: postgres
--

CREATE INDEX api_tower_badge_id_0d3c748c ON public.api_tower USING btree (badge_id);


--
-- Name: api_tower_creators_m2m_creator_id_c60169a1; Type: INDEX; Schema: public; Owner: postgres
--

CREATE INDEX api_tower_creators_m2m_creator_id_c60169a1 ON public.api_tower_creators_m2m USING btree (creator_id);


--
-- Name: api_tower_creators_m2m_tower_id_56079337; Type: INDEX; Schema: public; Owner: postgres
--

CREATE INDEX api_tower_creators_m2m_tower_id_56079337 ON public.api_tower_creators_m2m USING btree (tower_id);


--
-- Name: api_tower_score_1a98f1ff; Type: INDEX; Schema: public; Owner: postgres
--

CREATE INDEX api_tower_score_1a98f1ff ON public.api_tower USING btree (score);


--
-- Name: auth_group_name_a6ea08ec_like; Type: INDEX; Schema: public; Owner: postgres
--

CREATE INDEX auth_group_name_a6ea08ec_like ON public.auth_group USING btree (name varchar_pattern_ops);


--
-- Name: auth_group_permissions_group_id_b120cbf9; Type: INDEX; Schema: public; Owner: postgres
--

CREATE INDEX auth_group_permissions_group_id_b120cbf9 ON public.auth_group_permissions USING btree (group_id);


--
-- Name: auth_group_permissions_permission_id_84c5c92e; Type: INDEX; Schema: public; Owner: postgres
--

CREATE INDEX auth_group_permissions_permission_id_84c5c92e ON public.auth_group_permissions USING btree (permission_id);


--
-- Name: auth_permission_content_type_id_2f476e4b; Type: INDEX; Schema: public; Owner: postgres
--

CREATE INDEX auth_permission_content_type_id_2f476e4b ON public.auth_permission USING btree (content_type_id);


--
-- Name: auth_user_groups_group_id_97559544; Type: INDEX; Schema: public; Owner: postgres
--

CREATE INDEX auth_user_groups_group_id_97559544 ON public.auth_user_groups USING btree (group_id);


--
-- Name: auth_user_groups_user_id_6a12ed8b; Type: INDEX; Schema: public; Owner: postgres
--

CREATE INDEX auth_user_groups_user_id_6a12ed8b ON public.auth_user_groups USING btree (user_id);


--
-- Name: auth_user_user_permissions_permission_id_1fbb5f2c; Type: INDEX; Schema: public; Owner: postgres
--

CREATE INDEX auth_user_user_permissions_permission_id_1fbb5f2c ON public.auth_user_user_permissions USING btree (permission_id);


--
-- Name: auth_user_user_permissions_user_id_a95ead1b; Type: INDEX; Schema: public; Owner: postgres
--

CREATE INDEX auth_user_user_permissions_user_id_a95ead1b ON public.auth_user_user_permissions USING btree (user_id);


--
-- Name: auth_user_username_6821ab7c_like; Type: INDEX; Schema: public; Owner: postgres
--

CREATE INDEX auth_user_username_6821ab7c_like ON public.auth_user USING btree (username varchar_pattern_ops);


--
-- Name: django_admin_log_content_type_id_c4bce8eb; Type: INDEX; Schema: public; Owner: postgres
--

CREATE INDEX django_admin_log_content_type_id_c4bce8eb ON public.django_admin_log USING btree (content_type_id);


--
-- Name: django_admin_log_user_id_c564eba6; Type: INDEX; Schema: public; Owner: postgres
--

CREATE INDEX django_admin_log_user_id_c564eba6 ON public.django_admin_log USING btree (user_id);


--
-- Name: django_session_expire_date_a5c62663; Type: INDEX; Schema: public; Owner: postgres
--

CREATE INDEX django_session_expire_date_a5c62663 ON public.django_session USING btree (expire_date);


--
-- Name: django_session_session_key_c0390e0f_like; Type: INDEX; Schema: public; Owner: postgres
--

CREATE INDEX django_session_session_key_c0390e0f_like ON public.django_session USING btree (session_key varchar_pattern_ops);


--
-- Name: api_profile_complete_towers api_profile_complete_profile_id_4c214f91_fk_api_profi; Type: FK CONSTRAINT; Schema: public; Owner: postgres
--

ALTER TABLE ONLY public.api_profile_complete_towers
    ADD CONSTRAINT api_profile_complete_profile_id_4c214f91_fk_api_profi FOREIGN KEY (profile_id) REFERENCES public.api_profile(id) DEFERRABLE INITIALLY DEFERRED;


--
-- Name: api_profile_complete_towers api_profile_complete_towers_tower_id_16cccf04_fk_api_tower_id; Type: FK CONSTRAINT; Schema: public; Owner: postgres
--

ALTER TABLE ONLY public.api_profile_complete_towers
    ADD CONSTRAINT api_profile_complete_towers_tower_id_16cccf04_fk_api_tower_id FOREIGN KEY (tower_id) REFERENCES public.api_tower(id) DEFERRABLE INITIALLY DEFERRED;


--
-- Name: api_profile api_profile_user_id_41309820_fk_auth_user_id; Type: FK CONSTRAINT; Schema: public; Owner: postgres
--

ALTER TABLE ONLY public.api_profile
    ADD CONSTRAINT api_profile_user_id_41309820_fk_auth_user_id FOREIGN KEY (user_id) REFERENCES public.auth_user(id) DEFERRABLE INITIALLY DEFERRED;


--
-- Name: api_tower api_tower_area_id_7a7df0a3_fk_api_area_id; Type: FK CONSTRAINT; Schema: public; Owner: postgres
--

ALTER TABLE ONLY public.api_tower
    ADD CONSTRAINT api_tower_area_id_7a7df0a3_fk_api_area_id FOREIGN KEY (area_id) REFERENCES public.api_area(id) DEFERRABLE INITIALLY DEFERRED;


--
-- Name: api_tower api_tower_badge_id_0d3c748c_fk_api_badge_badge_id; Type: FK CONSTRAINT; Schema: public; Owner: postgres
--

ALTER TABLE ONLY public.api_tower
    ADD CONSTRAINT api_tower_badge_id_0d3c748c_fk_api_badge_badge_id FOREIGN KEY (badge_id) REFERENCES public.api_badge(id) DEFERRABLE INITIALLY DEFERRED;


--
-- Name: api_tower_creators_m2m api_tower_creators_m2m_creator_id_c60169a1_fk_api_creator_id; Type: FK CONSTRAINT; Schema: public; Owner: postgres
--

ALTER TABLE ONLY public.api_tower_creators_m2m
    ADD CONSTRAINT api_tower_creators_m2m_creator_id_c60169a1_fk_api_creator_id FOREIGN KEY (creator_id) REFERENCES public.api_creator(id) DEFERRABLE INITIALLY DEFERRED;


--
-- Name: api_tower_creators_m2m api_tower_creators_m2m_tower_id_56079337_fk_api_tower_id; Type: FK CONSTRAINT; Schema: public; Owner: postgres
--

ALTER TABLE ONLY public.api_tower_creators_m2m
    ADD CONSTRAINT api_tower_creators_m2m_tower_id_56079337_fk_api_tower_id FOREIGN KEY (tower_id) REFERENCES public.api_tower(id) DEFERRABLE INITIALLY DEFERRED;


--
-- Name: auth_group_permissions auth_group_permissio_permission_id_84c5c92e_fk_auth_perm; Type: FK CONSTRAINT; Schema: public; Owner: postgres
--

ALTER TABLE ONLY public.auth_group_permissions
    ADD CONSTRAINT auth_group_permissio_permission_id_84c5c92e_fk_auth_perm FOREIGN KEY (permission_id) REFERENCES public.auth_permission(id) DEFERRABLE INITIALLY DEFERRED;


--
-- Name: auth_group_permissions auth_group_permissions_group_id_b120cbf9_fk_auth_group_id; Type: FK CONSTRAINT; Schema: public; Owner: postgres
--

ALTER TABLE ONLY public.auth_group_permissions
    ADD CONSTRAINT auth_group_permissions_group_id_b120cbf9_fk_auth_group_id FOREIGN KEY (group_id) REFERENCES public.auth_group(id) DEFERRABLE INITIALLY DEFERRED;


--
-- Name: auth_permission auth_permission_content_type_id_2f476e4b_fk_django_co; Type: FK CONSTRAINT; Schema: public; Owner: postgres
--

ALTER TABLE ONLY public.auth_permission
    ADD CONSTRAINT auth_permission_content_type_id_2f476e4b_fk_django_co FOREIGN KEY (content_type_id) REFERENCES public.django_content_type(id) DEFERRABLE INITIALLY DEFERRED;


--
-- Name: auth_user_groups auth_user_groups_group_id_97559544_fk_auth_group_id; Type: FK CONSTRAINT; Schema: public; Owner: postgres
--

ALTER TABLE ONLY public.auth_user_groups
    ADD CONSTRAINT auth_user_groups_group_id_97559544_fk_auth_group_id FOREIGN KEY (group_id) REFERENCES public.auth_group(id) DEFERRABLE INITIALLY DEFERRED;


--
-- Name: auth_user_groups auth_user_groups_user_id_6a12ed8b_fk_auth_user_id; Type: FK CONSTRAINT; Schema: public; Owner: postgres
--

ALTER TABLE ONLY public.auth_user_groups
    ADD CONSTRAINT auth_user_groups_user_id_6a12ed8b_fk_auth_user_id FOREIGN KEY (user_id) REFERENCES public.auth_user(id) DEFERRABLE INITIALLY DEFERRED;


--
-- Name: auth_user_user_permissions auth_user_user_permi_permission_id_1fbb5f2c_fk_auth_perm; Type: FK CONSTRAINT; Schema: public; Owner: postgres
--

ALTER TABLE ONLY public.auth_user_user_permissions
    ADD CONSTRAINT auth_user_user_permi_permission_id_1fbb5f2c_fk_auth_perm FOREIGN KEY (permission_id) REFERENCES public.auth_permission(id) DEFERRABLE INITIALLY DEFERRED;


--
-- Name: auth_user_user_permissions auth_user_user_permissions_user_id_a95ead1b_fk_auth_user_id; Type: FK CONSTRAINT; Schema: public; Owner: postgres
--

ALTER TABLE ONLY public.auth_user_user_permissions
    ADD CONSTRAINT auth_user_user_permissions_user_id_a95ead1b_fk_auth_user_id FOREIGN KEY (user_id) REFERENCES public.auth_user(id) DEFERRABLE INITIALLY DEFERRED;


--
-- Name: django_admin_log django_admin_log_content_type_id_c4bce8eb_fk_django_co; Type: FK CONSTRAINT; Schema: public; Owner: postgres
--

ALTER TABLE ONLY public.django_admin_log
    ADD CONSTRAINT django_admin_log_content_type_id_c4bce8eb_fk_django_co FOREIGN KEY (content_type_id) REFERENCES public.django_content_type(id) DEFERRABLE INITIALLY DEFERRED;


--
-- Name: django_admin_log django_admin_log_user_id_c564eba6_fk_auth_user_id; Type: FK CONSTRAINT; Schema: public; Owner: postgres
--

ALTER TABLE ONLY public.django_admin_log
    ADD CONSTRAINT django_admin_log_user_id_c564eba6_fk_auth_user_id FOREIGN KEY (user_id) REFERENCES public.auth_user(id) DEFERRABLE INITIALLY DEFERRED;


--
-- PostgreSQL database dump complete
--

\unrestrict AECXi8jyTWLCprtDxKlHVnEyYdB3GSmyhlMZ7th6SLfeq7npHHLwX9eAjE6qYtL

